Player,21,22,23,24,25,26,27,28,29,30,31,32,33,34,35,36,37
Joseph Addai,N/A,N/A,15,14,7,10,5,3,N/A,N/A,N/A,N/A,N/A,N/A,N/A,N/A,N/A
Jay Ajayi,N/A,2,10,7,N/A,N/A,N/A,N/A,N/A,N/A,N/A,N/A,N/A,N/A,N/A,N/A,N/A
Anthony Allen,N/A,N/A,N/A,1,N/A,N/A,N/A,N/A,N/A,N/A,N/A,N/A,N/A,N/A,N/A,N/A,N/A
Javorius Allen,N/A,N/A,N/A,5,0,7,2,0,N/A,N/A,N/A,N/A,N/A,N/A,N/A,N/A,N/A
Deon Anderson,N/A,N/A,N/A,1,0,0,N/A,N/A,N/A,N/A,N/A,N/A,N/A,N/A,N/A,N/A,N/A
Ryquell Armstead,N/A,N/A,2,N/A,N/A,N/A,N/A,N/A,N/A,N/A,N/A,N/A,N/A,N/A,N/A,N/A,N/A
J.J. Arrington,N/A,3,2,3,5,N/A,N/A,N/A,N/A,N/A,N/A,N/A,N/A,N/A,N/A,N/A,N/A
Cameron Artis-Payne,N/A,N/A,N/A,N/A,N/A,N/A,1,1,N/A,N/A,N/A,N/A,N/A,N/A,N/A,N/A,N/A
B.J. Askew,N/A,N/A,0,0,0,1,2,1,N/A,N/A,N/A,N/A,N/A,N/A,N/A,N/A,N/A
Montee Ball,N/A,N/A,5,N/A,N/A,N/A,N/A,N/A,N/A,N/A,N/A,N/A,N/A,N/A,N/A,N/A,N/A
Kalen Ballage,N/A,N/A,2,1,3,0,N/A,N/A,N/A,N/A,N/A,N/A,N/A,N/A,N/A,N/A,N/A
Vick Ballard,N/A,5,N/A,N/A,N/A,N/A,N/A,N/A,N/A,N/A,N/A,N/A,N/A,N/A,N/A,N/A,N/A
Marion Barber III,N/A,4,7,11,8,8,3,3,N/A,N/A,N/A,N/A,N/A,N/A,N/A,N/A,N/A
Kenjon Barner,N/A,N/A,N/A,0,N/A,1,1,1,0,1,N/A,N/A,N/A,N/A,N/A,N/A,N/A
Baron Batch,N/A,N/A,N/A,N/A,1,N/A,N/A,N/A,N/A,N/A,N/A,N/A,N/A,N/A,N/A,N/A,N/A
Jarrod Baxter,N/A,N/A,0,N/A,0,0,N/A,N/A,N/A,N/A,N/A,N/A,N/A,N/A,N/A,N/A,N/A
Le'Veon Bell,8,17,N/A,15,15,N/A,5,3,0,N/A,N/A,N/A,N/A,N/A,N/A,N/A,N/A
Tatum Bell,N/A,N/A,3,8,8,N/A,N/A,N/A,N/A,N/A,N/A,N/A,N/A,N/A,N/A,N/A,N/A
Cedric Benson,N/A,N/A,2,5,5,3,9,7,7,N/A,N/A,N/A,N/A,N/A,N/A,N/A,N/A
Giovani Bernard,N/A,9,7,10,4,7,3,2,5,1,0,N/A,N/A,N/A,N/A,N/A,N/A
Jahvid Best,8,N/A,N/A,N/A,N/A,N/A,N/A,N/A,N/A,N/A,N/A,N/A,N/A,N/A,N/A,N/A,N/A
Ladell Betts,N/A,N/A,3,3,3,4,12,3,3,3,2,N/A,N/A,N/A,N/A,N/A,N/A
Alfred Blue,N/A,N/A,4,5,3,2,5,N/A,N/A,N/A,N/A,N/A,N/A,N/A,N/A,N/A,N/A
Tommy Bohanon,N/A,N/A,1,N/A,0,N/A,0,0,N/A,N/A,N/A,N/A,N/A,N/A,N/A,N/A,N/A
Devontae Booker,N/A,N/A,N/A,5,3,3,1,4,5,N/A,N/A,N/A,N/A,N/A,N/A,N/A,N/A
Lorenzo Booker,N/A,N/A,N/A,0,N/A,N/A,1,N/A,N/A,N/A,N/A,N/A,N/A,N/A,N/A,N/A,N/A
Allen Bradford,N/A,N/A,N/A,N/A,1,N/A,N/A,N/A,N/A,N/A,N/A,N/A,N/A,N/A,N/A,N/A,N/A
Ahmad Bradshaw,1,3,7,10,7,11,N/A,5,N/A,N/A,N/A,N/A,N/A,N/A,N/A,N/A,N/A
Aaron Brown,N/A,N/A,N/A,1,N/A,N/A,N/A,N/A,N/A,N/A,N/A,N/A,N/A,N/A,N/A,N/A,N/A
Andre Brown,N/A,N/A,N/A,N/A,N/A,4,3,N/A,N/A,N/A,N/A,N/A,N/A,N/A,N/A,N/A,N/A
Bryce Brown,3,3,N/A,N/A,N/A,N/A,N/A,N/A,N/A,N/A,N/A,N/A,N/A,N/A,N/A,N/A,N/A
Chris Brown,N/A,2,9,8,N/A,4,N/A,2,N/A,N/A,N/A,N/A,N/A,N/A,N/A,N/A,N/A
Donald Brown,N/A,4,6,4,3,6,3,2,N/A,N/A,N/A,N/A,N/A,N/A,N/A,N/A,N/A
Ronnie Brown,N/A,N/A,N/A,8,7,N/A,9,5,4,1,4,2,1,N/A,N/A,N/A,N/A
Rex Burkhead,N/A,N/A,N/A,1,1,3,5,2,4,3,3,2,N/A,N/A,N/A,N/A,N/A
Michael Bush,N/A,N/A,N/A,4,4,6,8,4,2,N/A,N/A,N/A,N/A,N/A,N/A,N/A,N/A
Reggie Bush,12,8,10,6,3,10,8,10,4,N/A,1,N/A,N/A,N/A,N/A,N/A,N/A
Trenton Cannon,N/A,N/A,N/A,2,N/A,0,0,N/A,N/A,N/A,N/A,N/A,N/A,N/A,N/A,N/A,N/A
Ka'Deem Carey,N/A,1,1,1,N/A,N/A,N/A,N/A,N/A,N/A,N/A,N/A,N/A,N/A,N/A,N/A,N/A
John Carlson,N/A,N/A,N/A,N/A,N/A,N/A,N/A,N/A,N/A,2,N/A,N/A,N/A,N/A,N/A,N/A,N/A
Chris Carson,N/A,N/A,N/A,9,10,8,N/A,N/A,N/A,N/A,N/A,N/A,N/A,N/A,N/A,N/A,N/A
Delone Carter,N/A,N/A,N/A,2,1,N/A,N/A,N/A,N/A,N/A,N/A,N/A,N/A,N/A,N/A,N/A,N/A
Rock Cartwright,N/A,N/A,1,4,0,1,1,0,0,3,0,0,N/A,N/A,N/A,N/A,N/A
James Casey,N/A,N/A,N/A,N/A,N/A,N/A,2,3,N/A,N/A,N/A,N/A,N/A,N/A,N/A,N/A,N/A
Jamaal Charles,N/A,5,9,17,N/A,9,16,12,N/A,N/A,2,N/A,N/A,N/A,N/A,N/A,N/A
Tashard Choice,N/A,N/A,N/A,4,3,3,2,1,1,N/A,N/A,N/A,N/A,N/A,N/A,N/A,N/A
Charles Clay,N/A,2,2,N/A,N/A,N/A,N/A,N/A,N/A,N/A,N/A,N/A,N/A,N/A,N/A,N/A,N/A
Glen Coffee,N/A,2,N/A,N/A,N/A,N/A,N/A,N/A,N/A,N/A,N/A,N/A,N/A,N/A,N/A,N/A,N/A
Tevin Coleman,N/A,3,9,7,8,6,1,2,N/A,N/A,N/A,N/A,N/A,N/A,N/A,N/A,N/A
Alex Collins,N/A,2,9,3,N/A,N/A,3,N/A,N/A,N/A,N/A,N/A,N/A,N/A,N/A,N/A,N/A
John Conner,N/A,N/A,0,0,N/A,0,0,N/A,N/A,N/A,N/A,N/A,N/A,N/A,N/A,N/A,N/A
Chandler Cox,N/A,N/A,0,0,N/A,N/A,N/A,N/A,N/A,N/A,N/A,N/A,N/A,N/A,N/A,N/A,N/A
Michael Cox,N/A,N/A,N/A,N/A,0,N/A,N/A,N/A,N/A,N/A,N/A,N/A,N/A,N/A,N/A,N/A,N/A
Casey Cramer,N/A,N/A,N/A,0,N/A,0,N/A,N/A,N/A,N/A,N/A,N/A,N/A,N/A,N/A,N/A,N/A
Kenneth Darby,N/A,N/A,N/A,N/A,N/A,2,1,1,N/A,N/A,N/A,N/A,N/A,N/A,N/A,N/A,N/A
Najeh Davenport,N/A,N/A,2,4,3,N/A,3,6,N/A,N/A,N/A,N/A,N/A,N/A,N/A,N/A,N/A
Knile Davis,N/A,3,6,1,0,N/A,N/A,N/A,N/A,N/A,N/A,N/A,N/A,N/A,N/A,N/A,N/A
Mike Davis,N/A,N/A,N/A,N/A,N/A,N/A,7,5,0,N/A,N/A,N/A,N/A,N/A,N/A,N/A,N/A
Matthew Dayes,N/A,N/A,0,N/A,N/A,N/A,N/A,N/A,N/A,N/A,N/A,N/A,N/A,N/A,N/A,N/A,N/A
Anthony Dixon,N/A,N/A,1,1,0,1,3,1,N/A,N/A,N/A,N/A,N/A,N/A,N/A,N/A,N/A
Kenneth Dixon,N/A,3,N/A,N/A,N/A,N/A,N/A,N/A,N/A,N/A,N/A,N/A,N/A,N/A,N/A,N/A,N/A
T.J. Duckett,4,7,4,4,1,3,1,N/A,N/A,N/A,N/A,N/A,N/A,N/A,N/A,N/A,N/A
Jonathan Dwyer,N/A,N/A,5,2,N/A,N/A,N/A,N/A,N/A,N/A,N/A,N/A,N/A,N/A,N/A,N/A,N/A
Omar Easy,N/A,N/A,N/A,N/A,N/A,0,0,0,N/A,N/A,N/A,N/A,N/A,N/A,N/A,N/A,N/A
Trestan Ebner,N/A,N/A,0,N/A,N/A,N/A,N/A,N/A,N/A,N/A,N/A,N/A,N/A,N/A,N/A,N/A,N/A
Adimchinobe Echemandu,N/A,N/A,N/A,N/A,N/A,N/A,1,N/A,N/A,N/A,N/A,N/A,N/A,N/A,N/A,N/A,N/A
Andre Ellington,N/A,N/A,N/A,7,5,3,1,3,N/A,N/A,N/A,N/A,N/A,N/A,N/A,N/A,N/A
Rhett Ellison,N/A,N/A,N/A,1,1,N/A,N/A,N/A,N/A,N/A,1,N/A,N/A,N/A,N/A,N/A,N/A
Tyler Ervin,N/A,N/A,0,N/A,0,0,2,N/A,N/A,N/A,N/A,N/A,N/A,N/A,N/A,N/A,N/A
Justin Fargas,N/A,N/A,1,1,0,3,8,5,3,N/A,N/A,N/A,N/A,N/A,N/A,N/A,N/A
Ciatrick Fason,N/A,N/A,0,N/A,N/A,N/A,N/A,N/A,N/A,N/A,N/A,N/A,N/A,N/A,N/A,N/A,N/A
Jerome Felton,N/A,0,1,1,0,0,0,0,0,1,N/A,N/A,N/A,N/A,N/A,N/A,N/A
Tony Fiammetta,N/A,N/A,0,0,0,N/A,1,N/A,N/A,N/A,N/A,N/A,N/A,N/A,N/A,N/A,N/A
Troy Fleming,N/A,N/A,N/A,2,1,N/A,N/A,N/A,N/A,N/A,N/A,N/A,N/A,N/A,N/A,N/A,N/A
Justin Forsett,N/A,N/A,0,6,5,2,3,1,12,4,2,N/A,N/A,N/A,N/A,N/A,N/A
Brock Forsey,N/A,N/A,2,N/A,N/A,N/A,N/A,N/A,N/A,N/A,N/A,N/A,N/A,N/A,N/A,N/A,N/A
Matt Forte,N/A,N/A,12,9,13,11,11,15,13,8,5,5,N/A,N/A,N/A,N/A,N/A
DeShaun Foster,N/A,N/A,5,N/A,12,6,6,3,N/A,N/A,N/A,N/A,N/A,N/A,N/A,N/A,N/A
Leonard Fournette,N/A,8,3,10,5,9,7,N/A,N/A,N/A,N/A,N/A,N/A,N/A,N/A,N/A,N/A
Jalston Fowler,N/A,N/A,N/A,N/A,0,0,0,N/A,N/A,N/A,N/A,N/A,N/A,N/A,N/A,N/A,N/A
Johnathan Franklin,N/A,N/A,N/A,1,N/A,N/A,N/A,N/A,N/A,N/A,N/A,N/A,N/A,N/A,N/A,N/A,N/A
Devonta Freeman,N/A,4,12,15,9,N/A,8,N/A,4,N/A,N/A,N/A,N/A,N/A,N/A,N/A,N/A
Wayne Gallman,N/A,N/A,4,2,1,5,1,N/A,N/A,N/A,N/A,N/A,N/A,N/A,N/A,N/A,N/A
Quinton Ganther,N/A,N/A,N/A,1,2,0,N/A,N/A,N/A,N/A,N/A,N/A,N/A,N/A,N/A,N/A,N/A
Toby Gerhart,N/A,N/A,3,5,3,3,3,N/A,N/A,N/A,N/A,N/A,N/A,N/A,N/A,N/A,N/A
Cullen Gillaspia,N/A,N/A,N/A,0,N/A,0,N/A,N/A,N/A,N/A,N/A,N/A,N/A,N/A,N/A,N/A,N/A
Mike Gillislee,N/A,N/A,N/A,N/A,N/A,5,4,N/A,N/A,N/A,N/A,N/A,N/A,N/A,N/A,N/A,N/A
Mike Goodson,N/A,0,4,N/A,3,N/A,N/A,N/A,N/A,N/A,N/A,N/A,N/A,N/A,N/A,N/A,N/A
Lamar Gordon,N/A,3,3,N/A,2,N/A,N/A,N/A,N/A,N/A,N/A,N/A,N/A,N/A,N/A,N/A,N/A
Frank Gore,N/A,4,16,9,10,12,8,10,10,9,7,7,10,8,5,4,4
Garrett Graham,N/A,N/A,N/A,N/A,N/A,2,N/A,N/A,N/A,N/A,N/A,N/A,N/A,N/A,N/A,N/A,N/A
Cyrus Gray,N/A,N/A,0,1,0,N/A,N/A,N/A,N/A,N/A,N/A,N/A,N/A,N/A,N/A,N/A,N/A
Alex Green,N/A,N/A,N/A,5,0,N/A,N/A,N/A,N/A,N/A,N/A,N/A,N/A,N/A,N/A,N/A,N/A
Justin Green,N/A,N/A,0,0,0,N/A,N/A,N/A,N/A,N/A,N/A,N/A,N/A,N/A,N/A,N/A,N/A
William Green,N/A,N/A,6,N/A,4,1,N/A,N/A,N/A,N/A,N/A,N/A,N/A,N/A,N/A,N/A,N/A
Shonn Greene,N/A,N/A,N/A,3,5,7,6,2,2,N/A,N/A,N/A,N/A,N/A,N/A,N/A,N/A
Marion Grice,N/A,N/A,0,N/A,N/A,N/A,N/A,N/A,N/A,N/A,N/A,N/A,N/A,N/A,N/A,N/A,N/A
Quentin Griffin,N/A,3,N/A,N/A,N/A,N/A,N/A,N/A,N/A,N/A,N/A,N/A,N/A,N/A,N/A,N/A,N/A
Justin Griffith,N/A,N/A,2,3,2,2,2,N/A,1,N/A,N/A,N/A,N/A,N/A,N/A,N/A,N/A
Todd Gurley,8,4,19,16,6,6,N/A,N/A,N/A,N/A,N/A,N/A,N/A,N/A,N/A,N/A,N/A
Korey Hall,N/A,N/A,N/A,0,0,0,0,N/A,N/A,N/A,N/A,N/A,N/A,N/A,N/A,N/A,N/A
Justin Hamilton,N/A,N/A,N/A,1,N/A,N/A,N/A,N/A,N/A,N/A,N/A,N/A,N/A,N/A,N/A,N/A,N/A
Montario Hardesty,N/A,N/A,N/A,2,2,N/A,N/A,N/A,N/A,N/A,N/A,N/A,N/A,N/A,N/A,N/A,N/A
Jamie Harper,N/A,1,0,N/A,N/A,N/A,N/A,N/A,N/A,N/A,N/A,N/A,N/A,N/A,N/A,N/A,N/A
Jerome Harrison,N/A,N/A,1,1,2,6,3,N/A,N/A,N/A,N/A,N/A,N/A,N/A,N/A,N/A,N/A
Mike Hart,N/A,N/A,1,N/A,N/A,N/A,N/A,N/A,N/A,N/A,N/A,N/A,N/A,N/A,N/A,N/A,N/A
Stanley Havili,N/A,N/A,N/A,N/A,0,1,N/A,N/A,N/A,N/A,N/A,N/A,N/A,N/A,N/A,N/A,N/A
Verron Haynes,N/A,N/A,0,1,4,3,N/A,N/A,N/A,N/A,N/A,N/A,N/A,N/A,N/A,N/A,N/A
Madison Hedgecock,N/A,N/A,N/A,1,0,0,1,0,N/A,N/A,N/A,N/A,N/A,N/A,N/A,N/A,N/A
Roy Helu,N/A,N/A,6,N/A,3,4,1,N/A,N/A,N/A,N/A,N/A,N/A,N/A,N/A,N/A,N/A
Darrell Henderson,N/A,1,4,6,3,N/A,N/A,N/A,N/A,N/A,N/A,N/A,N/A,N/A,N/A,N/A,N/A
Chris Herndon,N/A,N/A,N/A,N/A,0,N/A,N/A,N/A,N/A,N/A,N/A,N/A,N/A,N/A,N/A,N/A,N/A
Dan Herron,N/A,N/A,N/A,N/A,4,0,N/A,N/A,N/A,N/A,N/A,N/A,N/A,N/A,N/A,N/A,N/A
Noah Herron,N/A,N/A,N/A,2,N/A,N/A,N/A,N/A,N/A,N/A,N/A,N/A,N/A,N/A,N/A,N/A,N/A
Jacob Hester,N/A,N/A,2,1,2,1,N/A,N/A,N/A,N/A,N/A,N/A,N/A,N/A,N/A,N/A,N/A
Tim Hightower,N/A,6,8,5,N/A,N/A,N/A,N/A,3,5,N/A,N/A,N/A,N/A,N/A,N/A,N/A
Brian Hill,N/A,N/A,1,3,4,N/A,N/A,N/A,N/A,N/A,N/A,N/A,N/A,N/A,N/A,N/A,N/A
Jeremy Hill,N/A,10,6,5,N/A,N/A,N/A,N/A,N/A,N/A,N/A,N/A,N/A,N/A,N/A,N/A,N/A
Kylin Hill,N/A,N/A,0,N/A,N/A,N/A,N/A,N/A,N/A,N/A,N/A,N/A,N/A,N/A,N/A,N/A,N/A
Lex Hilliard,N/A,N/A,N/A,N/A,2,0,1,0,N/A,N/A,N/A,N/A,N/A,N/A,N/A,N/A,N/A
Peyton Hillis,N/A,4,0,10,3,2,N/A,1,N/A,N/A,N/A,N/A,N/A,N/A,N/A,N/A,N/A
Ronnie Hillman,3,3,5,5,2,N/A,N/A,N/A,N/A,N/A,N/A,N/A,N/A,N/A,N/A,N/A,N/A
Tony Hollings,N/A,1,N/A,N/A,N/A,N/A,N/A,N/A,N/A,N/A,N/A,N/A,N/A,N/A,N/A,N/A,N/A
Cedric Houston,N/A,N/A,2,3,N/A,N/A,N/A,N/A,N/A,N/A,N/A,N/A,N/A,N/A,N/A,N/A,N/A
Jordan Howard,N/A,9,7,7,3,N/A,N/A,N/A,N/A,N/A,N/A,N/A,N/A,N/A,N/A,N/A,N/A
Tony Hunt,N/A,0,N/A,N/A,N/A,N/A,N/A,N/A,N/A,N/A,N/A,N/A,N/A,N/A,N/A,N/A,N/A
Kendall Hunter,N/A,N/A,6,3,3,N/A,N/A,N/A,N/A,N/A,N/A,N/A,N/A,N/A,N/A,N/A,N/A
Carlos Hyde,N/A,N/A,N/A,2,N/A,7,8,3,8,3,2,N/A,N/A,N/A,N/A,N/A,N/A
Mark Ingram,N/A,4,4,3,8,8,11,14,7,12,3,5,2,N/A,N/A,N/A,N/A
Brandon Jackson,N/A,3,3,3,8,N/A,N/A,N/A,N/A,N/A,N/A,N/A,N/A,N/A,N/A,N/A,N/A
Justin Jackson,N/A,3,N/A,3,4,2,N/A,N/A,N/A,N/A,N/A,N/A,N/A,N/A,N/A,N/A,N/A
Steven Jackson,5,9,20,8,8,8,10,6,7,5,6,N/A,N/A,N/A,N/A,N/A,N/A
Brandon Jacobs,N/A,N/A,1,5,9,9,6,5,5,N/A,N/A,N/A,N/A,N/A,N/A,N/A,N/A
LaMichael James,N/A,N/A,N/A,1,N/A,N/A,N/A,N/A,N/A,N/A,N/A,N/A,N/A,N/A,N/A,N/A,N/A
Mike James,N/A,2,0,N/A,N/A,N/A,N/A,N/A,N/A,N/A,N/A,N/A,N/A,N/A,N/A,N/A,N/A
Andy Janovich,N/A,N/A,1,0,1,N/A,0,0,N/A,N/A,N/A,N/A,N/A,N/A,N/A,N/A,N/A
Rashad Jennings,N/A,N/A,N/A,2,6,N/A,2,6,6,8,5,N/A,N/A,N/A,N/A,N/A,N/A
Chris Johnson,N/A,N/A,10,18,13,9,9,9,5,6,N/A,N/A,N/A,N/A,N/A,N/A,N/A
David Johnson,N/A,N/A,N/A,9,15,N/A,6,5,7,3,N/A,N/A,N/A,N/A,N/A,N/A,N/A
Duke Johnson,N/A,5,5,6,4,7,3,N/A,N/A,N/A,N/A,N/A,N/A,N/A,N/A,N/A,N/A
Gartrell Johnson,N/A,N/A,0,0,N/A,N/A,N/A,N/A,N/A,N/A,N/A,N/A,N/A,N/A,N/A,N/A,N/A
Jeremi Johnson,N/A,N/A,1,0,1,1,1,N/A,0,N/A,N/A,N/A,N/A,N/A,N/A,N/A,N/A
Kerryon Johnson,5,3,3,N/A,N/A,N/A,N/A,N/A,N/A,N/A,N/A,N/A,N/A,N/A,N/A,N/A,N/A
Kyle Johnson,N/A,N/A,N/A,N/A,N/A,1,2,1,N/A,N/A,N/A,N/A,N/A,N/A,N/A,N/A,N/A
Larry Johnson,N/A,N/A,N/A,N/A,7,16,18,4,6,4,N/A,N/A,N/A,N/A,N/A,N/A,N/A
Malcolm Johnson,N/A,N/A,0,N/A,N/A,N/A,N/A,N/A,N/A,N/A,N/A,N/A,N/A,N/A,N/A,N/A,N/A
Quinn Johnson,N/A,N/A,0,0,N/A,0,N/A,N/A,N/A,N/A,N/A,N/A,N/A,N/A,N/A,N/A,N/A
Felix Jones,N/A,5,9,6,5,2,N/A,N/A,N/A,N/A,N/A,N/A,N/A,N/A,N/A,N/A,N/A
Greg Jones,N/A,N/A,1,5,N/A,2,1,0,1,0,0,0,N/A,N/A,N/A,N/A,N/A
Julius Jones,N/A,N/A,6,8,10,7,5,5,2,N/A,N/A,N/A,N/A,N/A,N/A,N/A,N/A
Kevin Jones,N/A,9,5,9,5,1,N/A,N/A,N/A,N/A,N/A,N/A,N/A,N/A,N/A,N/A,N/A
Matt Jones,N/A,5,N/A,N/A,N/A,N/A,N/A,N/A,N/A,N/A,N/A,N/A,N/A,N/A,N/A,N/A,N/A
Ronald Jones II,0,7,8,3,N/A,N/A,N/A,N/A,N/A,N/A,N/A,N/A,N/A,N/A,N/A,N/A,N/A
Maurice Jones-Drew,13,13,10,13,14,14,N/A,5,1,N/A,N/A,N/A,N/A,N/A,N/A,N/A,N/A
Deji Karim,N/A,N/A,N/A,1,2,N/A,N/A,N/A,N/A,N/A,N/A,N/A,N/A,N/A,N/A,N/A,N/A
Mike Karney,N/A,N/A,0,0,1,1,0,0,0,N/A,N/A,N/A,N/A,N/A,N/A,N/A,N/A
Lance Kendricks,N/A,N/A,2,N/A,N/A,N/A,N/A,N/A,N/A,N/A,N/A,N/A,N/A,N/A,N/A,N/A,N/A
Eddie Lacy,N/A,N/A,10,16,7,N/A,2,N/A,N/A,N/A,N/A,N/A,N/A,N/A,N/A,N/A,N/A
Jeremy Langford,N/A,N/A,N/A,5,2,N/A,N/A,N/A,N/A,N/A,N/A,N/A,N/A,N/A,N/A,N/A,N/A
Spencer Larsen,N/A,N/A,N/A,N/A,N/A,1,1,N/A,1,N/A,N/A,N/A,N/A,N/A,N/A,N/A,N/A
Brian Leonard,N/A,N/A,3,N/A,2,1,2,1,3,N/A,N/A,N/A,N/A,N/A,N/A,N/A,N/A
Mikel Leshoure,N/A,5,N/A,N/A,N/A,N/A,N/A,N/A,N/A,N/A,N/A,N/A,N/A,N/A,N/A,N/A,N/A
Dion Lewis,1,1,N/A,N/A,N/A,N/A,12,6,3,2,N/A,N/A,N/A,N/A,N/A,N/A,N/A
T.J. Logan,N/A,N/A,N/A,0,0,N/A,N/A,N/A,N/A,N/A,N/A,N/A,N/A,N/A,N/A,N/A,N/A
Erik Lorig,N/A,N/A,N/A,N/A,0,N/A,0,0,N/A,N/A,N/A,N/A,N/A,N/A,N/A,N/A,N/A
Wali Lundy,N/A,N/A,5,N/A,N/A,N/A,N/A,N/A,N/A,N/A,N/A,N/A,N/A,N/A,N/A,N/A,N/A
Marshawn Lynch,7,9,4,6,9,15,13,13,N/A,N/A,7,N/A,N/A,N/A,N/A,N/A,N/A
Owen Marecic,N/A,N/A,0,0,N/A,N/A,N/A,N/A,N/A,N/A,N/A,N/A,N/A,N/A,N/A,N/A,N/A
Laurence Maroney,8,10,N/A,7,N/A,N/A,N/A,N/A,N/A,N/A,N/A,N/A,N/A,N/A,N/A,N/A,N/A
Doug Martin,N/A,N/A,14,N/A,3,11,4,3,5,N/A,N/A,N/A,N/A,N/A,N/A,N/A,N/A
Jamar Martin,N/A,N/A,0,0,N/A,N/A,N/A,N/A,N/A,N/A,N/A,N/A,N/A,N/A,N/A,N/A,N/A
Tre Mason,6,2,N/A,N/A,N/A,N/A,N/A,N/A,N/A,N/A,N/A,N/A,N/A,N/A,N/A,N/A,N/A
Ryan Mathews,N/A,N/A,6,13,7,11,N/A,4,5,N/A,N/A,N/A,N/A,N/A,N/A,N/A,N/A
Reagan Maui'a,N/A,N/A,0,N/A,N/A,0,N/A,N/A,N/A,N/A,N/A,N/A,N/A,N/A,N/A,N/A,N/A
Devante Mays,N/A,N/A,0,N/A,N/A,N/A,N/A,N/A,N/A,N/A,N/A,N/A,N/A,N/A,N/A,N/A,N/A
Le'Ron McClain,N/A,N/A,0,7,3,2,1,0,0,N/A,N/A,N/A,N/A,N/A,N/A,N/A,N/A
Dexter McCluster,N/A,N/A,3,N/A,N/A,N/A,N/A,N/A,N/A,N/A,N/A,N/A,N/A,N/A,N/A,N/A,N/A
LeSean McCoy,8,13,10,7,15,8,9,13,11,4,5,1,N/A,N/A,N/A,N/A,N/A
Darren McFadden,5,3,13,N/A,4,3,4,7,N/A,N/A,N/A,N/A,N/A,N/A,N/A,N/A,N/A
Willis McGahee,N/A,N/A,10,11,7,8,7,5,3,7,7,2,N/A,N/A,N/A,N/A,N/A
Elijah McGuire,N/A,N/A,3,3,N/A,N/A,N/A,N/A,N/A,N/A,N/A,N/A,N/A,N/A,N/A,N/A,N/A
Sean McHugh,N/A,N/A,N/A,N/A,N/A,0,N/A,N/A,N/A,N/A,N/A,N/A,N/A,N/A,N/A,N/A,N/A
Joe McKnight,N/A,1,3,2,N/A,N/A,N/A,N/A,N/A,N/A,N/A,N/A,N/A,N/A,N/A,N/A,N/A
Jeremy McNichols,N/A,N/A,N/A,N/A,2,3,N/A,N/A,N/A,N/A,N/A,N/A,N/A,N/A,N/A,N/A,N/A
Rashard Mendenhall,N/A,10,9,6,N/A,3,N/A,N/A,N/A,N/A,N/A,N/A,N/A,N/A,N/A,N/A,N/A
Christine Michael,N/A,N/A,N/A,1,2,5,N/A,N/A,N/A,N/A,N/A,N/A,N/A,N/A,N/A,N/A,N/A
Sony Michel,N/A,N/A,7,5,4,6,1,N/A,N/A,N/A,N/A,N/A,N/A,N/A,N/A,N/A,N/A
Bruce Miller,N/A,N/A,N/A,1,1,3,1,1,N/A,N/A,N/A,N/A,0,N/A,N/A,N/A,N/A
Lamar Miller,2,5,11,7,7,7,8,N/A,N/A,N/A,N/A,N/A,N/A,N/A,N/A,N/A,N/A
Garrett Mills,N/A,N/A,N/A,N/A,1,N/A,N/A,N/A,N/A,N/A,N/A,N/A,N/A,N/A,N/A,N/A,N/A
Brandon Miree,N/A,N/A,N/A,N/A,0,N/A,N/A,N/A,N/A,N/A,N/A,N/A,N/A,N/A,N/A,N/A,N/A
Ryan Moats,N/A,N/A,N/A,0,N/A,1,4,N/A,N/A,N/A,N/A,N/A,N/A,N/A,N/A,N/A,N/A
Mewelde Moore,N/A,5,8,5,1,7,2,2,2,1,N/A,N/A,N/A,N/A,N/A,N/A,N/A
Vernand Morency,N/A,N/A,N/A,N/A,2,3,3,N/A,N/A,N/A,N/A,N/A,N/A,N/A,N/A,N/A,N/A
Knowshon Moreno,N/A,6,8,N/A,5,13,N/A,N/A,N/A,N/A,N/A,N/A,N/A,N/A,N/A,N/A,N/A
Alfred Morris,N/A,N/A,N/A,13,7,6,4,2,4,3,N/A,1,N/A,N/A,N/A,N/A,N/A
Maurice Morris,N/A,N/A,2,2,1,3,4,5,4,4,4,4,N/A,N/A,N/A,N/A,N/A
Ovie Mughelli,N/A,N/A,N/A,N/A,0,2,0,1,1,2,N/A,N/A,N/A,N/A,N/A,N/A,N/A
Marcus Murphy,N/A,N/A,N/A,1,N/A,N/A,1,N/A,N/A,N/A,N/A,N/A,N/A,N/A,N/A,N/A,N/A
DeMarco Murray,N/A,N/A,7,6,12,18,6,12,7,N/A,N/A,N/A,N/A,N/A,N/A,N/A,N/A
Spencer Nead,N/A,N/A,N/A,N/A,N/A,0,N/A,N/A,N/A,N/A,N/A,N/A,N/A,N/A,N/A,N/A,N/A
Larry Ned,N/A,N/A,N/A,N/A,N/A,0,N/A,N/A,N/A,N/A,N/A,N/A,N/A,N/A,N/A,N/A,N/A
Jerious Norwood,N/A,N/A,5,5,7,4,N/A,0,N/A,N/A,N/A,N/A,N/A,N/A,N/A,N/A,N/A
Nick O'Leary,N/A,N/A,N/A,1,N/A,N/A,N/A,N/A,N/A,N/A,N/A,N/A,N/A,N/A,N/A,N/A,N/A
Oren O'Neal,N/A,N/A,N/A,0,N/A,N/A,N/A,N/A,N/A,N/A,N/A,N/A,N/A,N/A,N/A,N/A,N/A
Chris Ogbonnaya,N/A,N/A,N/A,N/A,3,1,3,N/A,N/A,N/A,N/A,N/A,N/A,N/A,N/A,N/A,N/A
Jalen Parmele,N/A,N/A,N/A,N/A,0,N/A,1,N/A,N/A,N/A,N/A,N/A,N/A,N/A,N/A,N/A,N/A
Isaiah Pead,N/A,N/A,0,1,N/A,N/A,N/A,N/A,N/A,N/A,N/A,N/A,N/A,N/A,N/A,N/A,N/A
Alvin Pearman,N/A,N/A,4,1,N/A,N/A,N/A,N/A,N/A,N/A,N/A,N/A,N/A,N/A,N/A,N/A,N/A
Cedric Peerman,N/A,N/A,N/A,N/A,0,3,0,1,0,N/A,N/A,N/A,N/A,N/A,N/A,N/A,N/A
Paul Perkins,N/A,4,1,N/A,N/A,N/A,N/A,N/A,N/A,N/A,N/A,N/A,N/A,N/A,N/A,N/A,N/A
Chris Perry,N/A,N/A,N/A,6,N/A,N/A,2,N/A,N/A,N/A,N/A,N/A,N/A,N/A,N/A,N/A,N/A
Adrian Peterson,N/A,12,13,16,11,8,19,11,1,14,N/A,4,7,6,5,N/A,N/A
Bernard Pierce,4,3,3,N/A,N/A,N/A,N/A,N/A,N/A,N/A,N/A,N/A,N/A,N/A,N/A,N/A,N/A
Artose Pinner,N/A,N/A,N/A,N/A,N/A,2,4,1,N/A,N/A,N/A,N/A,N/A,N/A,N/A,N/A,N/A
Andrew Pinnock,N/A,N/A,0,N/A,0,N/A,0,N/A,N/A,N/A,N/A,N/A,N/A,N/A,N/A,N/A,N/A
Antonio Pittman,N/A,1,2,N/A,N/A,N/A,N/A,N/A,N/A,N/A,N/A,N/A,N/A,N/A,N/A,N/A,N/A
Clinton Portis,15,16,8,12,5,11,11,4,N/A,N/A,N/A,N/A,N/A,N/A,N/A,N/A,N/A
Bilal Powell,N/A,N/A,N/A,3,5,1,5,6,6,N/A,1,N/A,N/A,N/A,N/A,N/A,N/A
Jay Prosch,N/A,0,0,0,0,N/A,N/A,N/A,N/A,N/A,N/A,N/A,N/A,N/A,N/A,N/A,N/A
C.J. Prosise,N/A,N/A,N/A,N/A,1,0,N/A,N/A,N/A,N/A,N/A,N/A,N/A,N/A,N/A,N/A,N/A
Chris Rainey,N/A,N/A,N/A,1,N/A,N/A,N/A,N/A,N/A,N/A,N/A,N/A,N/A,N/A,N/A,N/A,N/A
Joseph Randle,N/A,2,3,N/A,N/A,N/A,N/A,N/A,N/A,N/A,N/A,N/A,N/A,N/A,N/A,N/A,N/A
Ray Rice,6,18,13,16,13,3,N/A,N/A,N/A,N/A,N/A,N/A,N/A,N/A,N/A,N/A,N/A
Daryl Richardson,N/A,4,3,N/A,N/A,N/A,N/A,N/A,N/A,N/A,N/A,N/A,N/A,N/A,N/A,N/A,N/A
Trent Richardson,N/A,6,7,5,N/A,N/A,N/A,N/A,N/A,N/A,N/A,N/A,N/A,N/A,N/A,N/A,N/A
Theo Riddick,N/A,0,3,7,6,6,4,N/A,N/A,N/A,N/A,N/A,N/A,N/A,N/A,N/A,N/A
Stevan Ridley,N/A,4,11,6,N/A,1,N/A,N/A,1,N/A,N/A,N/A,N/A,N/A,N/A,N/A,N/A
Javon Ringer,N/A,N/A,2,3,N/A,N/A,N/A,N/A,N/A,N/A,N/A,N/A,N/A,N/A,N/A,N/A,N/A
Aaron Ripkowski,N/A,N/A,0,2,0,N/A,N/A,N/A,N/A,N/A,N/A,N/A,N/A,N/A,N/A,N/A,N/A
Denard Robinson,N/A,N/A,N/A,4,N/A,N/A,N/A,N/A,N/A,N/A,N/A,N/A,N/A,N/A,N/A,N/A,N/A
Michael Robinson,N/A,N/A,N/A,N/A,N/A,N/A,N/A,N/A,2,N/A,N/A,N/A,N/A,N/A,N/A,N/A,N/A
Patrick Robinson,N/A,N/A,N/A,N/A,N/A,N/A,3,N/A,N/A,N/A,N/A,N/A,N/A,N/A,N/A,N/A,N/A
Jacquizz Rodgers,3,7,5,3,N/A,4,2,3,N/A,N/A,N/A,N/A,N/A,N/A,N/A,N/A,N/A
Larry Rountree,N/A,1,N/A,N/A,N/A,N/A,N/A,N/A,N/A,N/A,N/A,N/A,N/A,N/A,N/A,N/A,N/A
Evan Royster,N/A,N/A,N/A,N/A,2,0,N/A,N/A,N/A,N/A,N/A,N/A,N/A,N/A,N/A,N/A,N/A
Jaylen Samuels,N/A,3,3,1,N/A,N/A,N/A,N/A,N/A,N/A,N/A,N/A,N/A,N/A,N/A,N/A,N/A
Bishop Sankey,N/A,4,2,N/A,N/A,N/A,N/A,N/A,N/A,N/A,N/A,N/A,N/A,N/A,N/A,N/A,N/A
Jordan Scarlett,N/A,N/A,0,N/A,N/A,N/A,N/A,N/A,N/A,N/A,N/A,N/A,N/A,N/A,N/A,N/A,N/A
Owen Schmitt,N/A,N/A,0,0,1,0,0,N/A,N/A,N/A,N/A,N/A,N/A,N/A,N/A,N/A,N/A
Josh Scobey,N/A,N/A,N/A,1,2,0,0,N/A,N/A,N/A,N/A,N/A,N/A,N/A,N/A,N/A,N/A
Bernard Scott,N/A,N/A,N/A,N/A,4,2,3,N/A,N/A,N/A,N/A,N/A,N/A,N/A,N/A,N/A,N/A
Da'Rel Scott,N/A,N/A,0,N/A,N/A,N/A,N/A,N/A,N/A,N/A,N/A,N/A,N/A,N/A,N/A,N/A,N/A
Adam Shaheen,N/A,N/A,1,N/A,N/A,N/A,N/A,N/A,N/A,N/A,N/A,N/A,N/A,N/A,N/A,N/A,N/A
Eric Shelton,N/A,N/A,0,N/A,N/A,N/A,N/A,N/A,N/A,N/A,N/A,N/A,N/A,N/A,N/A,N/A,N/A
Anthony Sherman,N/A,N/A,1,0,1,1,0,0,1,1,0,0,N/A,N/A,N/A,N/A,N/A
Charles Sims,N/A,N/A,N/A,2,8,N/A,2,N/A,N/A,N/A,N/A,N/A,N/A,N/A,N/A,N/A,N/A
Steve Slaton,N/A,13,7,1,N/A,N/A,N/A,N/A,N/A,N/A,N/A,N/A,N/A,N/A,N/A,N/A,N/A
Wendell Smallwood,N/A,3,2,4,1,N/A,N/A,N/A,N/A,N/A,N/A,N/A,N/A,N/A,N/A,N/A,N/A
Ito Smith,N/A,N/A,3,N/A,2,N/A,N/A,N/A,N/A,N/A,N/A,N/A,N/A,N/A,N/A,N/A,N/A
Kevin Smith,N/A,8,5,N/A,N/A,1,N/A,N/A,N/A,N/A,N/A,N/A,N/A,N/A,N/A,N/A,N/A
Kolby Smith,N/A,N/A,3,N/A,N/A,N/A,N/A,N/A,N/A,N/A,N/A,N/A,N/A,N/A,N/A,N/A,N/A
Musa Smith,0,1,N/A,2,3,N/A,N/A,N/A,N/A,N/A,N/A,N/A,N/A,N/A,N/A,N/A,N/A
Onterrio Smith,N/A,N/A,6,8,N/A,N/A,N/A,N/A,N/A,N/A,N/A,N/A,N/A,N/A,N/A,N/A,N/A
Benny Snell Jr.,3,3,1,1,N/A,N/A,N/A,N/A,N/A,N/A,N/A,N/A,N/A,N/A,N/A,N/A,N/A
Jason Snelling,N/A,N/A,N/A,N/A,1,7,6,3,3,3,N/A,N/A,N/A,N/A,N/A,N/A,N/A
C.J. Spiller,N/A,N/A,4,6,13,7,4,3,N/A,N/A,N/A,N/A,N/A,N/A,N/A,N/A,N/A
Darren Sproles,N/A,1,N/A,4,8,10,7,12,7,7,6,6,6,N/A,N/A,N/A,N/A
Zac Stacy,N/A,7,3,1,N/A,N/A,N/A,N/A,N/A,N/A,N/A,N/A,N/A,N/A,N/A,N/A,N/A
James Starks,N/A,N/A,N/A,N/A,8,N/A,4,5,7,2,N/A,N/A,N/A,N/A,N/A,N/A,N/A
LaRod Stephens-Howling,N/A,2,3,3,2,N/A,N/A,N/A,N/A,N/A,N/A,N/A,N/A,N/A,N/A,N/A,N/A
Jonathan Stewart,6,9,4,9,3,N/A,6,9,5,5,N/A,N/A,N/A,N/A,N/A,N/A,N/A
Luke Stocker,N/A,N/A,1,N/A,N/A,0,N/A,N/A,N/A,N/A,N/A,N/A,N/A,N/A,N/A,N/A,N/A
Lee Suggs,N/A,N/A,N/A,6,0,N/A,N/A,N/A,N/A,N/A,N/A,N/A,N/A,N/A,N/A,N/A,N/A
Frank Summers,N/A,N/A,N/A,N/A,N/A,N/A,N/A,1,0,N/A,N/A,N/A,N/A,N/A,N/A,N/A,N/A
Lorenzo Taliaferro,N/A,N/A,3,N/A,N/A,N/A,N/A,N/A,N/A,N/A,N/A,N/A,N/A,N/A,N/A,N/A,N/A
Thomas Tapeh,N/A,N/A,N/A,N/A,N/A,1,1,N/A,N/A,N/A,N/A,N/A,N/A,N/A,N/A,N/A,N/A
Ben Tate,N/A,N/A,7,2,4,2,N/A,N/A,N/A,N/A,N/A,N/A,N/A,N/A,N/A,N/A,N/A
Chester Taylor,N/A,N/A,2,3,6,5,8,8,6,7,3,1,N/A,N/A,N/A,N/A,N/A
Stepfan Taylor,N/A,1,2,0,0,N/A,N/A,N/A,N/A,N/A,N/A,N/A,N/A,N/A,N/A,N/A,N/A
Daniel Thomas,N/A,N/A,N/A,4,3,3,2,N/A,N/A,N/A,N/A,N/A,N/A,N/A,N/A,N/A,N/A
De'Anthony Thomas,3,2,1,1,N/A,0,N/A,N/A,N/A,N/A,N/A,N/A,N/A,N/A,N/A,N/A,N/A
Chris Thompson,N/A,N/A,N/A,N/A,3,5,6,3,4,1,N/A,N/A,N/A,N/A,N/A,N/A,N/A
Darwin Thompson,N/A,1,1,N/A,N/A,N/A,N/A,N/A,N/A,N/A,N/A,N/A,N/A,N/A,N/A,N/A,N/A
Jordan Todman,N/A,N/A,2,2,0,1,0,N/A,N/A,N/A,N/A,N/A,N/A,N/A,N/A,N/A,N/A
LaBrandon Toefield,N/A,N/A,2,2,1,N/A,N/A,N/A,N/A,N/A,N/A,N/A,N/A,N/A,N/A,N/A,N/A
Ryan Torain,N/A,N/A,N/A,4,1,N/A,N/A,N/A,N/A,N/A,N/A,N/A,N/A,N/A,N/A,N/A,N/A
Robert Turbin,N/A,N/A,5,3,4,1,3,N/A,N/A,N/A,N/A,N/A,N/A,N/A,N/A,N/A,N/A
Michael Turner,N/A,1,3,6,3,13,7,13,11,6,N/A,N/A,N/A,N/A,N/A,N/A,N/A
Shane Vereen,N/A,N/A,4,5,8,6,N/A,2,N/A,N/A,N/A,N/A,N/A,N/A,N/A,N/A,N/A
Lawrence Vickers,N/A,N/A,0,1,1,0,0,0,1,N/A,N/A,N/A,N/A,N/A,N/A,N/A,N/A
Danny Vitale,N/A,N/A,0,0,N/A,1,N/A,N/A,N/A,N/A,N/A,N/A,N/A,N/A,N/A,N/A,N/A
Delanie Walker,N/A,N/A,N/A,N/A,2,N/A,2,N/A,N/A,N/A,N/A,N/A,N/A,N/A,N/A,N/A,N/A
Mark Walton,1,N/A,N/A,N/A,N/A,N/A,N/A,N/A,N/A,N/A,N/A,N/A,N/A,N/A,N/A,N/A,N/A
Derrick Ward,N/A,N/A,N/A,N/A,1,0,6,12,3,3,1,N/A,N/A,N/A,N/A,N/A,N/A
Jeremy Ware,N/A,N/A,N/A,1,N/A,N/A,N/A,N/A,N/A,N/A,N/A,N/A,N/A,N/A,N/A,N/A,N/A
Spencer Ware,N/A,N/A,N/A,3,10,N/A,4,N/A,N/A,N/A,N/A,N/A,N/A,N/A,N/A,N/A,N/A
DeAndre Washington,N/A,N/A,4,3,1,4,N/A,N/A,N/A,N/A,N/A,N/A,N/A,N/A,N/A,N/A,N/A
Leon Washington,N/A,N/A,N/A,7,7,8,N/A,4,2,2,N/A,1,N/A,N/A,N/A,N/A,N/A
Derek Watt,N/A,N/A,N/A,1,0,0,0,0,0,0,N/A,N/A,N/A,N/A,N/A,N/A,N/A
Beanie Wells,6,2,6,1,N/A,N/A,N/A,N/A,N/A,N/A,N/A,N/A,N/A,N/A,N/A,N/A,N/A
Jonathan Wells,N/A,N/A,3,0,3,5,N/A,N/A,N/A,N/A,N/A,N/A,N/A,N/A,N/A,N/A,N/A
Terrance West,N/A,N/A,3,1,6,N/A,N/A,N/A,N/A,N/A,N/A,N/A,N/A,N/A,N/A,N/A,N/A
Brian Westbrook,N/A,N/A,2,11,13,8,15,15,9,4,3,N/A,N/A,N/A,N/A,N/A,N/A
James White,N/A,N/A,5,7,7,10,7,4,N/A,N/A,N/A,N/A,N/A,N/A,N/A,N/A,N/A
Johnny White,N/A,N/A,0,N/A,N/A,N/A,N/A,N/A,N/A,N/A,N/A,N/A,N/A,N/A,N/A,N/A,N/A
LenDale White,N/A,2,7,4,2,N/A,N/A,N/A,N/A,N/A,N/A,N/A,N/A,N/A,N/A,N/A,N/A
Jordan Wilkins,N/A,N/A,N/A,3,2,3,N/A,N/A,N/A,N/A,N/A,N/A,N/A,N/A,N/A,N/A,N/A
Andre Williams,N/A,4,2,N/A,0,N/A,N/A,N/A,N/A,N/A,N/A,N/A,N/A,N/A,N/A,N/A,N/A
Cadillac Williams,N/A,N/A,9,5,N/A,N/A,5,6,2,N/A,N/A,N/A,N/A,N/A,N/A,N/A,N/A
DeAngelo Williams,N/A,N/A,5,6,13,10,N/A,7,6,10,N/A,9,3,N/A,N/A,N/A,N/A
Domanick Williams,N/A,N/A,10,13,12,N/A,N/A,N/A,N/A,N/A,N/A,N/A,N/A,N/A,N/A,N/A,N/A
Karlos Williams,N/A,4,N/A,N/A,N/A,N/A,N/A,N/A,N/A,N/A,N/A,N/A,N/A,N/A,N/A,N/A,N/A
Kerwynn Williams,N/A,N/A,N/A,N/A,1,3,N/A,N/A,N/A,N/A,N/A,N/A,N/A,N/A,N/A,N/A,N/A
Brandon Wilson,N/A,N/A,0,1,2,2,1,N/A,N/A,N/A,N/A,N/A,N/A,N/A,N/A,N/A,N/A
David Wilson,4,N/A,N/A,N/A,N/A,N/A,N/A,N/A,N/A,N/A,N/A,N/A,N/A,N/A,N/A,N/A,N/A
Kris Wilson,N/A,N/A,N/A,N/A,1,1,N/A,N/A,N/A,N/A,N/A,N/A,N/A,N/A,N/A,N/A,N/A
Garrett Wolfe,N/A,N/A,1,0,1,0,N/A,N/A,N/A,N/A,N/A,N/A,N/A,N/A,N/A,N/A,N/A
Dwayne Wright,N/A,N/A,N/A,1,N/A,N/A,N/A,N/A,N/A,N/A,N/A,N/A,N/A,N/A,N/A,N/A,N/A
T.J. Yeldon,N/A,7,5,3,5,N/A,N/A,N/A,N/A,N/A,N/A,N/A,N/A,N/A,N/A,N/A,N/A
