Kenneth Acker,5,23,RCB
Robert Alford,4,26,LCB
Robert Alford,6,27,LCB
Robert Alford,5,28,LCB
Robert Alford,6,29,LCB
Robert Alford,4,30,LCB
Antonio Allen,3,26,LCB
Asher Allen,5,22,RCB
Asher Allen,2,23,LCB
Cortez Allen,4,25,LCB
Cortez Allen,3,26,LCB
Jason Allen,3,27,RCB
David Amerson,5,23,RCB
David Amerson,5,24,RCB/LCB
David Amerson,5,25,LCB
Prince Amukamara,4,23,RCB
Prince Amukamara,7,24,RCB
Prince Amukamara,3,25,RCB
Prince Amukamara,4,26,LCB
Prince Amukamara,5,27,LCB
Prince Amukamara,5,28,LCB
Prince Amukamara,6,29,RCB
Prince Amukamara,7,30,RCB
Javier Arenas,4,25,RCB
Damon Arnette,2,24,CB
Nnamdi Asomugha,2,23,RCB
Nnamdi Asomugha,4,24,LCB
Nnamdi Asomugha,12,25,LCB
Nnamdi Asomugha,6,26,LCB
Nnamdi Asomugha,14,27,RCB
Nnamdi Asomugha,12,28,RCB
Nnamdi Asomugha,12,29,RCB
Nnamdi Asomugha,6,30,RCB
Nnamdi Asomugha,6,31,RCB
Blessuan Austin,3,24,RCB
Deandre Baker,5,22,LCB
Alan Ball,5,28,RCB
Johnthan Banks,4,24,RCB
Johnthan Banks,5,25,RCB
Johnthan Banks,2,26,RCB
Ron Bartell,2,23,RCB
Ron Bartell,5,25,LCB
Ron Bartell,6,26,LCB
Ron Bartell,5,27,LCB
Ron Bartell,6,28,LCB
Fred Bennett,3,24,LCB
Fred Bennett,3,25,LCB
Bene Benwikere,3,23,LCB
Bene Benwikere,3,27,RCB
E.J. Biggers,3,23,LCB
E.J. Biggers,4,25,LCB
Will Blackmon,3,29,LCB
Will Blackmon,5,31,RCB
Zackary Bowman,5,25,RCB
Zackary Bowman,3,29,RCB
Zackary Bowman,3,30,RCB
Bashaud Breeland,6,22,LCB
Bashaud Breeland,6,23,LCB
Bashaud Breeland,5,24,LCB
Bashaud Breeland,5,25,LCB
Bashaud Breeland,6,27,LCB
Bashaud Breeland,4,28,RCB
Bashaud Breeland,5,29,RCB
Sheldon Brown,6,25,RCB
Sheldon Brown,8,26,RCB
Sheldon Brown,7,27,RCB
Sheldon Brown,7,28,RCB
Sheldon Brown,8,29,RCB
Sheldon Brown,7,30,RCB
Sheldon Brown,6,31,RCB
Sheldon Brown,8,32,RCB
Sheldon Brown,7,33,RCB
Tarell Brown,6,26,RCB
Tarell Brown,4,27,RCB
Tarell Brown,4,28,RCB
Tarell Brown,5,29,RCB
Phillip Buchanon,8,23,RCB
Phillip Buchanon,5,24,LCB
Phillip Buchanon,2,25,LCB
Phillip Buchanon,7,27,RCB
Phillip Buchanon,7,28,LCB
Phillip Buchanon,3,29,RCB
Phillip Buchanon,3,30,RCB
Darius Butler,4,23,LCB
Darius Butler,5,27,LCB
Brandon Carr,5,22,LCB
Brandon Carr,6,23,RCB
Brandon Carr,7,24,RCB
Brandon Carr,6,25,RCB
Brandon Carr,6,26,LCB
Brandon Carr,5,27,LCB
Brandon Carr,6,28,LCB
Brandon Carr,6,29,LCB
Brandon Carr,6,30,LCB
Brandon Carr,6,31,LCB
Brandon Carr,7,32,LCB
Brandon Carr,5,33,RCB/FS
T.J. Carrie,4,25,FS/RCB
T.J. Carrie,6,27,RCB
T.J. Carrie,4,28,RCB
T.J. Carrie,3,29,LCB
Ahmad Carroll,5,21,LCB
Ahmad Carroll,7,22,LCB
Nolan Carroll,4,25,RCB
Nolan Carroll,5,26,RCB
Nolan Carroll,4,28,RCB
Nolan Carroll,5,29,RCB
Chris Cash,5,22,RCB
Chris Cash,2,24,LCB
Antoine Cason,7,24,RCB
Antoine Cason,5,25,RCB
Antoine Cason,6,26,RCB
Antoine Cason,5,28,LCB
Morris Claiborne,5,22,RCB
Morris Claiborne,2,23,LCB
Morris Claiborne,4,25,RCB
Morris Claiborne,6,27,RCB
Morris Claiborne,6,28,RCB
Ross Cockrell,7,25,RCB
Ross Cockrell,4,26,LCB
Ross Cockrell,4,28,LCB
Jalen Collins,2,23,RCB
Aaron Colvin,5,24,RCB
Gareon Conley,5,23,RCB
Gareon Conley,4,24,RCB
Chris Cook,3,25,RCB
Chris Cook,4,26,RCB
Marcus Cooper,2,24,LCB
Marcus Cooper,6,26,RCB
Reggie Corner,4,26,LCB
Derek Cox,6,23,LCB
Derek Cox,4,24,LCB
Derek Cox,5,26,RCB
Derek Cox,4,27,LCB
Perrish Cox,3,23,RCB
Perrish Cox,7,27,LCB
Perrish Cox,5,28,LCB
Perrish Cox,4,29,LCB
Antonio Cromartie,16,23,RCB
Antonio Cromartie,6,24,RCB
Antonio Cromartie,7,25,RCB
Antonio Cromartie,6,26,RCB
Antonio Cromartie,7,27,RCB
Antonio Cromartie,11,28,RCB
Antonio Cromartie,9,29,LCB
Antonio Cromartie,9,30,RCB
Antonio Cromartie,6,31,LCB
Chris Culliver,7,26,RCB
Travis Daniels,6,23,LCB
Travis Daniels,2,24,RCB
Travis Daniels,2,25,LCB
Jason David,4,22,RCB
Jason David,7,23,RCB/CB
Jason David,6,24,RCB
Jason David,5,25,RCB
Jason David,4,26,RCB
Sammy Davis,5,23,RCB
Sammy Davis,4,24,LCB
Vontae Davis,4,21,LCB
Vontae Davis,5,22,LCB
Vontae Davis,6,23,RCB
Vontae Davis,4,24,RCB
Vontae Davis,6,25,RCB
Vontae Davis,11,26,RCB
Vontae Davis,10,27,RCB
Vontae Davis,5,28,RCB
Alfonzo Dennard,3,23,RCB
Alfonzo Dennard,4,24,RCB
Darqueze Dennard,2,29,CB
Pierre Desir,2,25,LCB
Pierre Desir,2,27,RCB
Pierre Desir,5,28,RCB
Pierre Desir,4,29,RCB
Demarcus Faggins,3,26,LCB
Demarcus Faggins,4,27,RCB
Demarcus Faggins,3,28,RCB
Demarcus Faggins,2,29,LCB
Cortland Finnegan,6,23,RCB
Cortland Finnegan,20,24,RCB
Cortland Finnegan,5,25,RCB
Cortland Finnegan,6,26,RCB
Cortland Finnegan,8,27,RCB
Cortland Finnegan,7,28,LCB
Cortland Finnegan,4,30,RCB
Travis Fisher,5,23,LCB
Travis Fisher,7,24,RCB
Travis Fisher,4,25,RCB
Travis Fisher,2,26,RCB
Travis Fisher,3,27,LCB
Travis Fisher,5,28,RCB
Travis Fisher,2,29,RCB
Bradley Fletcher,8,24,RCB
Bradley Fletcher,6,27,LCB
Bradley Fletcher,6,28,LCB
Drayton Florence,3,24,RCB
Drayton Florence,4,25,RCB
Drayton Florence,6,26,RCB
Drayton Florence,4,27,RCB
Drayton Florence,4,28,RCB
Drayton Florence,5,29,RCB
Drayton Florence,5,30,RCB
Drayton Florence,5,31,RCB/LCB
Brandon Flowers,4,22,RCB
Brandon Flowers,7,23,LCB
Brandon Flowers,7,24,LCB
Brandon Flowers,7,25,LCB
Brandon Flowers,6,26,LCB
Brandon Flowers,7,27,LCB
Brandon Flowers,6,28,LCB
Brandon Flowers,4,29,LCB
Domonique Foxworth,4,22,RCB
Domonique Foxworth,4,25,LCB
Domonique Foxworth,7,26,RCB
Kyle Fuller,5,22,RCB
Kyle Fuller,6,23,RCB
Kyle Fuller,7,25,RCB
Kyle Fuller,16,26,LCB
Kyle Fuller,10,27,LCB
Kyle Fuller,6,28,LCB
Kyle Fuller,4,29,LCB
E.J. Gaines,6,22,LCB
E.J. Gaines,3,24,RCB
E.J. Gaines,4,25,RCB
Phillip Gaines,2,23,LCB
Phillip Gaines,2,25,RCB
Chris Gamble,6,21,RCB
Chris Gamble,10,22,RCB
Chris Gamble,6,23,LCB
Chris Gamble,5,24,LCB
Chris Gamble,8,25,LCB
Chris Gamble,7,26,LCB
Chris Gamble,3,27,LCB
Chris Gamble,5,28,LCB
William Gay,6,24,RCB
William Gay,8,26,LCB
William Gay,7,27,RCB
William Gay,5,28,LCB
William Gay,5,29,LCB
William Gay,7,30,LCB
William Gay,4,31,LCB
Jeff Gladney,5,24,RCB
Andre' Goodman,3,24,RCB
Andre' Goodman,4,27,LCB
Andre' Goodman,5,28,RCB
Andre' Goodman,7,30,RCB
Andre' Goodman,7,31,RCB
Andre' Goodman,2,32,RCB
Andre' Goodman,7,33,RCB
Corey Graham,5,23,RCB
Corey Graham,4,27,LCB
Corey Graham,4,29,LCB
Dwayne Gratz,3,23,LCB
Dwayne Gratz,5,24,RCB
Eric Green,3,23,LCB
Eric Green,3,24,RCB
Eric Green,4,25,RCB
Eric Green,3,26,RCB
Jonte Green,3,23,RCB
Cedric Griffin,4,24,RCB
Cedric Griffin,6,25,RCB
Cedric Griffin,5,26,RCB
Cedric Griffin,6,27,RCB
Cedric Griffin,3,29,RCB
DeJuan Groce,5,25,LCB
Joe Haden,5,21,LCB
Joe Haden,7,22,LCB
Joe Haden,5,23,LCB
Joe Haden,12,24,LCB
Joe Haden,11,25,LCB
Joe Haden,5,27,LCB
Joe Haden,4,28,LCB
Joe Haden,6,29,LCB
Joe Haden,11,30,LCB
Joe Haden,6,31,LCB
Joe Haden,4,32,LCB
Nate Hairston,3,24,RCB
Nate Hairston,3,25,LCB
DeAngelo Hall,3,21,LCB
DeAngelo Hall,10,22,LCB
DeAngelo Hall,12,23,LCB
DeAngelo Hall,7,24,LCB
DeAngelo Hall,3,25,LCB
DeAngelo Hall,5,26,RCB
DeAngelo Hall,11,27,LCB
DeAngelo Hall,6,28,LCB
DeAngelo Hall,5,29,LCB
DeAngelo Hall,6,30,LCB
Leon Hall,4,23,RCB
Leon Hall,8,24,RCB
Leon Hall,15,25,RCB
Leon Hall,7,26,RCB
Leon Hall,5,27,RCB
Leon Hall,7,28,RCB
Leon Hall,5,30,RCB
Harrison Hand,1,22,CB
Harrison Hand,1,23,CB
Vernon Hargreaves III,5,21,LCB
Vernon Hargreaves III,2,22,LCB
Vernon Hargreaves III,4,24,RCB
Vernon Hargreaves III,5,25,RCB
Davontae Harris,3,24,RCB
Mike Harris,3,23,LCB
D.J. Hayden,3,24,LCB
D.J. Hayden,4,25,LCB
Kelvin Hayden,8,24,LCB
Kelvin Hayden,5,25,LCB
Kelvin Hayden,3,26,LCB
Kelvin Hayden,4,27,LCB
Casey Hayward,4,23,RCB
Casey Hayward,12,27,RCB
Casey Hayward,13,28,LCB
Casey Hayward,5,29,RCB
Casey Hayward,6,30,RCB
Casey Hayward,4,31,RCB
Casey Hayward,5,32,RCB
K.J. Hill,1,23,CB
Reynaldo Hill,4,23,LCB
Reynaldo Hill,5,24,LCB
Tye Hill,4,24,LCB
Tye Hill,2,25,LCB
Ellis Hobbs,4,22,RCB
Ellis Hobbs,7,23,RCB
Ellis Hobbs,7,24,RCB
Ellis Hobbs,9,25,RCB
Ellis Hobbs,3,27,RCB
Daven Holly,7,24,RCB
Daven Holly,3,25,LCB
Jayron Hosley,3,22,RCB
Jayron Hosley,3,25,RCB
Davon House,6,26,LCB
Davon House,4,28,LCB
Chris Houston,5,23,RCB
Chris Houston,6,24,RCB
Chris Houston,4,25,RCB
Chris Houston,5,26,LCB
Chris Houston,7,27,LCB
Chris Houston,5,28,LCB
Chris Houston,5,29,LCB
Michael Huff,5,29,LCB
Von Hutchins,4,26,FS/RCB
Josh Jackson,4,22,RCB/DB
Josh Jackson,2,24,RCB
Marlin Jackson,8,24,RCB
William Jackson III,4,26,RCB
William Jackson III,4,27,RCB
William Jackson III,5,28,RCB
William Jackson III,4,29,RCB
Quentin Jammer,6,24,LCB
Quentin Jammer,6,25,RCB
Quentin Jammer,5,26,LCB
Quentin Jammer,6,27,LCB
Quentin Jammer,6,28,LCB
Quentin Jammer,7,29,LCB
Quentin Jammer,7,30,LCB
Quentin Jammer,7,31,LCB
Quentin Jammer,5,32,LCB
Quentin Jammer,8,33,LCB
Jackrabbit Jenkins,8,24,RCB
Jackrabbit Jenkins,6,25,RCB
Jackrabbit Jenkins,6,26,RCB
Jackrabbit Jenkins,6,27,RCB
Jackrabbit Jenkins,12,28,RCB
Jackrabbit Jenkins,4,29,RCB
Jackrabbit Jenkins,6,30,RCB
Jackrabbit Jenkins,5,31,RCB
Jackrabbit Jenkins,5,32,LCB
Jackrabbit Jenkins,4,33,LCB
Malcolm Jenkins,3,22,RCB
Mike Jenkins,11,24,RCB
Mike Jenkins,5,25,RCB
Mike Jenkins,4,26,RCB
Mike Jenkins,5,28,LCB
Mike Jenkins,2,30,LCB/RCB
Kelly Jennings,6,25,RCB
Kelly Jennings,2,26,RCB
Kelly Jennings,3,27,RCB
Kelly Jennings,5,28,RCB
Tim Jennings,6,25,RCB
Tim Jennings,3,26,LCB
Tim Jennings,5,27,LCB
Tim Jennings,6,28,LCB
Tim Jennings,13,29,LCB
Tim Jennings,8,30,LCB
Tim Jennings,4,31,LCB
Chris Johnson,3,29,CB
Chris Johnson,6,30,LCB
Derrick Johnson,2,23,RCB
Dontae Johnson,6,26,RCB
Kevin Johnson,5,23,LCB
Kevin Johnson,2,28,RCB
Trumaine Johnson,5,23,LCB
Trumaine Johnson,3,24,LCB
Trumaine Johnson,7,25,LCB
Trumaine Johnson,4,26,LCB
Trumaine Johnson,6,27,LCB
Trumaine Johnson,5,28,LCB
Adam Jones,5,22,RCB
Adam Jones,9,23,RCB
Adam Jones,3,25,LCB
Adam Jones,3,28,RCB
Adam Jones,7,30,RCB
Adam Jones,9,32,RCB
Adam Jones,6,33,RCB
Adam Jones,3,34,RCB
Byron Jones,11,26,RCB/LCB
Byron Jones,5,27,RCB
Byron Jones,6,28,LCB
Byron Jones,5,29,LCB
David Jones,3,23,LCB
David Jones,2,25,LCB
Johnathan Joseph,4,22,LCB
Johnathan Joseph,6,23,RCB/LCB
Johnathan Joseph,4,24,LCB
Johnathan Joseph,8,25,LCB
Johnathan Joseph,5,26,LCB
Johnathan Joseph,13,27,RCB
Johnathan Joseph,10,28,RCB
Johnathan Joseph,6,29,RCB
Johnathan Joseph,7,30,RCB
Johnathan Joseph,7,31,RCB
Johnathan Joseph,4,32,LCB
Johnathan Joseph,6,33,LCB
Johnathan Joseph,5,34,LCB
Johnathan Joseph,4,35,LCB
Justin King,3,22,RCB
Justin King,5,24,LCB
Kevin King,2,22,RCB
Kevin King,6,24,RCB
Kevin King,4,25,RCB
Kevin King,2,26,RCB
Dre Kirkpatrick,6,26,LCB
Dre Kirkpatrick,6,27,LCB
Dre Kirkpatrick,6,28,LCB
Dre Kirkpatrick,3,29,LCB
Dre Kirkpatrick,6,31,RCB
Jeremy Lane,2,27,RCB
Nevin Lawson,3,24,RCB
Nevin Lawson,5,25,RCB
Nevin Lawson,5,26,RCB
Nevin Lawson,5,27,RCB
Nevin Lawson,3,29,RCB
Pat Lee,2,28,RCB
Michael Lehan,4,28,LCB
Keenan Lewis,8,26,LCB
Keenan Lewis,7,27,RCB
Keenan Lewis,5,28,LCB
Tony Lippett,5,24,RCB
Dwight Lowery,4,22,RCB
Dwight Lowery,4,23,RCB
Craig Mager,3,24,LCB
Ricky Manning,5,23,LCB
Ricky Manning,6,24,LCB
Ricky Manning,5,26,RCB
Ricky Manning,3,27,RCB
Richard Marshall,5,22,RCB
Richard Marshall,5,23,LCB
Richard Marshall,8,25,RCB
Richard Marshall,6,26,RCB
Richard Marshall,5,27,LCB
Richard Marshall,3,29,LCB
Rashean Mathis,7,23,RCB/FS
Rashean Mathis,8,24,LCB
Rashean Mathis,8,25,LCB
Rashean Mathis,18,26,LCB
Rashean Mathis,6,27,LCB
Rashean Mathis,6,28,LCB
Rashean Mathis,4,29,RCB
Rashean Mathis,5,30,RCB
Rashean Mathis,4,31,LCB
Rashean Mathis,5,33,RCB
Rashean Mathis,6,34,RCB
Byron Maxwell,4,25,RCB
Byron Maxwell,6,26,RCB
Byron Maxwell,5,27,LCB
Byron Maxwell,5,28,LCB
Trumaine McBride,4,22,RCB
Trumaine McBride,5,28,LCB
Brice McCain,4,28,RCB
Brice McCain,4,29,RCB
Marcus McCauley,3,24,LCB
Robert McClain,3,25,RCB
Robert McClain,3,26,LCB
Robert McClain,3,29,CB
Devin McCourty,10,23,LCB
Devin McCourty,5,24,LCB
Devin McCourty,7,25,LCB/FS
Jason McCourty,3,23,LCB
Jason McCourty,8,24,LCB
Jason McCourty,6,25,LCB
Jason McCourty,6,26,LCB
Jason McCourty,6,27,RCB
Jason McCourty,5,29,RCB
Jason McCourty,6,30,LCB
Jason McCourty,4,31,LCB
Jason McCourty,5,32,LCB
Jason McCourty,4,33,LCB
Demetrius McCray,5,23,LCB
Brandon McDonald,7,23,RCB
Brandon McDonald,4,24,RCB
Dexter McDonald,2,26,LCB
Bryant McFadden,6,25,RCB
Bryant McFadden,5,27,RCB
Bryant McFadden,6,28,LCB
Bryant McFadden,8,29,LCB
Terrence McGee,15,24,LCB
Terrence McGee,12,25,LCB
Terrence McGee,6,26,LCB
Terrence McGee,7,27,RCB
Terrence McGee,6,28,LCB
Terrence McGee,4,29,LCB
Leodis McKelvin,5,23,RCB
Leodis McKelvin,4,25,LCB
Leodis McKelvin,4,26,RCB
Leodis McKelvin,5,28,LCB
Leodis McKelvin,4,29,LCB
Leodis McKelvin,3,30,RCB
Leodis McKelvin,5,31,LCB
William Middleton,3,25,RCB
Justin Miller,4,21,RCB
Dee Milliner,5,22,RCB
Captain Munnerlyn,3,22,LCB
Captain Munnerlyn,4,23,RCB
Captain Munnerlyn,6,24,LCB
Captain Munnerlyn,8,25,LCB/RCB
Captain Munnerlyn,7,26,LCB
Terence Newman,8,25,LCB
Terence Newman,6,26,LCB
Terence Newman,9,27,LCB
Terence Newman,7,28,LCB
Terence Newman,8,29,RCB
Terence Newman,5,30,LCB
Terence Newman,12,31,LCB
Terence Newman,5,32,LCB
Terence Newman,6,33,LCB
Terence Newman,7,34,LCB
Terence Newman,7,35,LCB
Terence Newman,5,36,LCB
Terence Newman,6,37,LCB
Terence Newman,4,38,LCB
Josh Norman,5,25,RCB
Josh Norman,4,27,RCB
Josh Norman,15,28,RCB
Josh Norman,5,29,RCB
Josh Norman,5,30,RCB
Josh Norman,6,31,RCB
Josh Norman,3,32,RCB
Josh Norman,5,34,RCB
Michael Ojemudia,4,23,LCB
Chris Owens,3,23,LCB
Darius Phillips,3,25,LCB
Tracy Porter,5,23,RCB
Tracy Porter,6,24,RCB
Tracy Porter,5,25,RCB
Tracy Porter,6,27,RCB
Tracy Porter,5,29,LCB
Tracy Porter,5,30,LCB
Jerraud Powers,4,22,RCB
Jerraud Powers,4,23,RCB
Jerraud Powers,5,24,RCB
Jerraud Powers,3,25,RCB
Jerraud Powers,6,26,RCB
Jerraud Powers,5,28,RCB
Glover Quin,4,23,LCB
Glover Quin,5,24,LCB
Damarious Randall,4,23,LCB
Damarious Randall,3,24,LCB
Damarious Randall,5,25,RCB/LCB
Keiwan Ratliff,3,23,LCB
Jacques Reeves,5,25,LCB
Jacques Reeves,6,26,RCB
Jacques Reeves,2,27,LCB
John Reid,1,24,CB
John Reid,1,25,CB
Darrelle Revis,7,22,LCB
Darrelle Revis,11,23,LCB
Darrelle Revis,22,24,LCB
Darrelle Revis,14,25,LCB
Darrelle Revis,17,26,LCB
Darrelle Revis,6,28,LCB
Darrelle Revis,15,29,LCB
Darrelle Revis,11,30,RCB
Darrelle Revis,5,31,RCB
Xavier Rhodes,2,23,LCB
Xavier Rhodes,6,24,RCB
Xavier Rhodes,6,25,RCB
Xavier Rhodes,9,26,RCB
Xavier Rhodes,12,27,RCB
Xavier Rhodes,5,28,RCB
Xavier Rhodes,7,29,RCB
Xavier Rhodes,5,30,RCB
Xavier Rhodes,5,31,LCB
Darryl Roberts,4,28,LCB/FS
Darryl Roberts,4,29,RCB
Dunta Robinson,7,22,RCB
Dunta Robinson,5,23,RCB/LCB
Dunta Robinson,6,24,LCB
Dunta Robinson,3,25,LCB
Dunta Robinson,3,26,RCB
Dunta Robinson,5,27,RCB
Dunta Robinson,6,28,RCB
Dunta Robinson,7,29,RCB
Dunta Robinson,7,30,LCB
Josh Robinson,3,22,LCB
Patrick Robinson,4,24,RCB
Patrick Robinson,6,25,RCB
Patrick Robinson,5,30,RCB
Rashard Robinson,3,21,RCB
Rashard Robinson,3,22,LCB
Bradley Roby,6,26,LCB
Bradley Roby,4,27,RCB
Bradley Roby,3,28,LCB
Bradley Roby,4,30,CB
Robert Rochell,2,23,LCB
Dominique Rodgers-Cromartie,5,22,RCB
Dominique Rodgers-Cromartie,10,23,RCB
Dominique Rodgers-Cromartie,6,24,LCB
Dominique Rodgers-Cromartie,6,26,LCB
Dominique Rodgers-Cromartie,6,27,RCB
Dominique Rodgers-Cromartie,6,28,LCB
Dominique Rodgers-Cromartie,9,29,RCB
Dominique Rodgers-Cromartie,11,30,LCB
Dominique Rodgers-Cromartie,2,31,CB
Carlos Rogers,3,24,LCB
Carlos Rogers,6,25,RCB
Carlos Rogers,8,27,RCB
Carlos Rogers,6,28,LCB
Carlos Rogers,5,29,RCB
Carlos Rogers,13,30,LCB
Carlos Rogers,5,31,LCB
Carlos Rogers,5,32,LCB
Antrel Rolle,5,24,LCB
Antrel Rolle,5,25,RCB
Aaron Ross,5,25,LCB
Aaron Ross,6,26,LCB
Aaron Ross,5,29,RCB
Aaron Ross,4,30,LCB
Derek Ross,5,22,LCB
Stanford Routt,6,24,RCB
Stanford Routt,5,27,LCB
Stanford Routt,5,28,LCB
Eric Rowe,2,23,RCB
Eric Rowe,3,24,RCB
Mike Rumph,5,24,RCB
Logan Ryan,4,22,RCB
Logan Ryan,3,23,RCB
Logan Ryan,6,24,RCB
Logan Ryan,5,25,RCB
Logan Ryan,5,26,RCB
Logan Ryan,6,27,LCB
Logan Ryan,7,28,LCB
Asante Samuel,4,23,RCB
Asante Samuel,6,24,LCB
Asante Samuel,11,25,LCB/RCB
Asante Samuel,14,26,LCB
Asante Samuel,13,27,LCB
Asante Samuel,13,28,LCB
Asante Samuel,8,29,LCB
Asante Samuel,7,30,LCB
Asante Samuel,8,31,RCB
Asante Samuel,3,32,RCB
Orlando Scandrick,3,24,RCB
Orlando Scandrick,4,26,RCB
Orlando Scandrick,6,27,RCB
Orlando Scandrick,4,30,RCB
Orlando Scandrick,2,31,LCB
Bryan Scott,8,28,RCB/LLB
Coty Sensabaugh,3,26,LCB
Coty Sensabaugh,6,27,RCB
Coty Sensabaugh,4,30,RCB
Kendall Sheffield,3,24,LCB
Lito Sheppard,5,22,RCB
Lito Sheppard,17,23,LCB
Lito Sheppard,5,24,LCB
Lito Sheppard,10,25,LCB
Lito Sheppard,5,26,LCB
Lito Sheppard,5,28,RCB
Lito Sheppard,2,30,RCB
Richard Sherman,6,23,LCB
Richard Sherman,20,24,LCB
Richard Sherman,21,25,LCB
Richard Sherman,18,26,LCB
Richard Sherman,15,27,LCB
Richard Sherman,9,28,LCB
Richard Sherman,4,29,LCB
Richard Sherman,5,30,LCB
Richard Sherman,12,31,LCB
Tharold Simon,3,23,RCB
LeShaun Sims,4,27,LCB
Buster Skrine,5,24,RCB
Buster Skrine,7,25,RCB
Buster Skrine,5,27,LCB
Buster Skrine,6,28,LCB
Alphonso Smith,5,25,RCB
Jimmy Smith,7,25,RCB
Jimmy Smith,3,26,RCB
Jimmy Smith,6,27,RCB
Jimmy Smith,4,28,RCB
Jimmy Smith,6,29,RCB
Jimmy Smith,5,30,RCB
Ryan Smith,3,24,LCB
Ryan Smith,3,25,LCB
Sean Smith,5,22,RCB
Sean Smith,3,23,RCB
Sean Smith,7,24,LCB
Sean Smith,7,25,LCB
Sean Smith,6,26,RCB
Sean Smith,6,27,RCB
Sean Smith,4,28,RCB
Sean Smith,5,29,RCB
Sean Smith,3,30,LCB
Shawntae Spencer,4,22,RCB
Shawntae Spencer,5,23,RCB
Shawntae Spencer,4,24,LCB
Shawntae Spencer,7,27,RCB
Shawntae Spencer,6,28,LCB
Aqib Talib,6,23,LCB
Aqib Talib,6,24,LCB
Aqib Talib,4,25,LCB
Aqib Talib,12,27,LCB
Aqib Talib,9,28,LCB
Aqib Talib,10,29,LCB
Aqib Talib,15,30,LCB
Aqib Talib,9,31,LCB
Aqib Talib,3,32,RCB
Cordrea Tankersley,4,24,LCB
Ike Taylor,7,25,LCB
Ike Taylor,6,26,LCB
Ike Taylor,8,27,LCB
Ike Taylor,8,28,LCB
Ike Taylor,7,29,LCB
Ike Taylor,7,30,RCB
Ike Taylor,8,31,RCB
Ike Taylor,6,32,RCB
Ike Taylor,6,33,RCB
Jamar Taylor,3,25,RCB
Jamar Taylor,5,26,RCB
Jamar Taylor,6,27,RCB
Josh Thomas,3,24,LCB
Kevin Thomas,2,25,LCB
Terrell Thomas,6,24,RCB
Terrell Thomas,7,25,RCB
Bruce Thornton,4,25,LCB
Charles Tillman,5,22,LCB
Charles Tillman,3,23,LCB
Charles Tillman,8,24,LCB
Charles Tillman,7,25,LCB
Charles Tillman,6,26,LCB
Charles Tillman,7,27,LCB
Charles Tillman,5,28,LCB
Charles Tillman,7,29,RCB
Charles Tillman,10,30,RCB
Charles Tillman,17,31,RCB
Charles Tillman,3,32,RCB
Charles Tillman,4,34,LCB
Greg Toler,5,25,RCB
Greg Toler,3,28,LCB
Greg Toler,7,29,LCB
Greg Toler,4,30,LCB
Desmond Trufant,5,23,LCB
Desmond Trufant,6,24,RCB
Desmond Trufant,10,25,RCB
Desmond Trufant,3,26,RCB
Desmond Trufant,7,27,RCB
Desmond Trufant,5,28,RCB
Desmond Trufant,3,29,RCB
Marcus Trufant,7,23,RCB/LCB
Marcus Trufant,7,24,LCB
Marcus Trufant,7,25,RCB
Marcus Trufant,6,26,RCB
Marcus Trufant,11,27,LCB
Marcus Trufant,6,28,LCB
Marcus Trufant,4,29,LCB
Marcus Trufant,7,30,LCB
Justin Tryon,2,26,LCB
Nathan Vasher,5,23,CB
Nathan Vasher,15,24,RCB
Nathan Vasher,5,25,RCB
Nathan Vasher,3,27,RCB
Nathan Vasher,2,29,RCB
Alterraun Verner,5,22,LCB
Alterraun Verner,6,24,RCB
Alterraun Verner,13,25,RCB
Alterraun Verner,5,26,LCB
Jason Verrett,9,24,RCB
Jason Verrett,5,29,LCB
Frank Walker,3,23,RCB
Frank Walker,3,28,CB
Tim Wansley,4,25,RCB
Fabian Washington,3,22,RCB
Fabian Washington,5,23,RCB
Fabian Washington,5,25,LCB
Fabian Washington,4,26,LCB
Fabian Washington,3,27,RCB
Trae Waynes,6,25,LCB
Trae Waynes,5,26,LCB
Trae Waynes,4,27,LCB
B.W. Webb,3,26,CB
B.W. Webb,5,28,LCB
B.W. Webb,4,29,LCB
Lardarius Webb,9,26,LCB
Lardarius Webb,7,28,LCB
Lardarius Webb,4,29,LCB
Lardarius Webb,5,30,LCB
Corey Webster,4,24,LCB
Corey Webster,7,26,RCB
Corey Webster,4,27,LCB
Corey Webster,6,28,LCB
Corey Webster,6,29,LCB
Corey Webster,6,30,LCB
Kayvon Webster,4,26,RCB
Ken Webster,2,23,LCB
Corey White,4,23,LCB
Corey White,4,24,RCB
Rachad Wildgoose,2,22,CB
Jonathan Wilhite,4,25,LCB
Aaron Williams,2,21,LCB
Aaron Williams,3,22,LCB
Brian Williams,3,23,LCB
Brian Williams,7,24,LCB/RCB
Brian Williams,4,25,RCB
Brian Williams,4,26,RCB
Brian Williams,6,27,RCB
Brian Williams,6,28,RCB
Brian Williams,6,29,RCB
Cary Williams,6,27,RCB
Cary Williams,8,28,RCB
Cary Williams,7,29,RCB
Cary Williams,6,30,RCB
Cary Williams,5,31,RCB
Darrent Williams,4,23,RCB
Darrent Williams,7,24,RCB
Greedy Williams,4,22,RCB
Greedy Williams,3,24,RCB
Greedy Williams,1,25,CB
Jimmy Williams,3,22,RCB
P.J. Williams,3,24,LCB
P.J. Williams,2,29,CB
Josh Wilson,6,23,RCB
Josh Wilson,6,24,RCB
Josh Wilson,4,25,RCB
Josh Wilson,6,26,RCB
Josh Wilson,5,27,RCB
Josh Wilson,5,28,RCB
Kyle Wilson,7,25,LCB
Stanley Wilson,2,25,RCB
Andre Woolfolk,3,25,LCB
Blidi Wreh-Wilson,4,25,LCB
Eric Wright,5,22,LCB
Eric Wright,8,23,LCB
Eric Wright,7,24,LCB
Eric Wright,4,25,LCB
Eric Wright,7,26,RCB
Eric Wright,4,27,RCB
Shareece Wright,5,26,RCB
Shareece Wright,5,27,RCB
Shareece Wright,3,28,LCB
Shareece Wright,4,29,LCB
Shareece Wright,3,30,RCB
Tavon Young,6,22,LCB
