Player,AV,Age
Kenneth Acker,5,23
Robert Alford,4,26
Robert Alford,6,27
Robert Alford,5,28
Robert Alford,6,29
Robert Alford,4,30
Antonio Allen,3,26
Asher Allen,5,22
Asher Allen,2,23
Cortez Allen,4,25
Cortez Allen,3,26
Jason Allen,3,27
David Amerson,5,23
David Amerson,5,24
David Amerson,5,25
Prince Amukamara,4,23
Prince Amukamara,7,24
Prince Amukamara,3,25
Prince Amukamara,4,26
Prince Amukamara,5,27
Prince Amukamara,5,28
Prince Amukamara,6,29
Prince Amukamara,7,30
Javier Arenas,4,25
Damon Arnette,2,24
Nnamdi Asomugha,2,23
Nnamdi Asomugha,4,24
Nnamdi Asomugha,12,25
Nnamdi Asomugha,6,26
Nnamdi Asomugha,14,27
Nnamdi Asomugha,12,28
Nnamdi Asomugha,12,29
Nnamdi Asomugha,6,30
Nnamdi Asomugha,6,31
Blessuan Austin,3,24
Deandre Baker,5,22
Alan Ball,5,28
Johnthan Banks,4,24
Johnthan Banks,5,25
Johnthan Banks,2,26
Ron Bartell,2,23
Ron Bartell,5,25
Ron Bartell,6,26
Ron Bartell,5,27
Ron Bartell,6,28
Fred Bennett,3,24
Fred Bennett,3,25
Bene Benwikere,3,23
Bene Benwikere,3,27
E.J. Biggers,3,23
E.J. Biggers,4,25
Will Blackmon,3,29
Will Blackmon,5,31
Zackary Bowman,5,25
Zackary Bowman,3,29
Zackary Bowman,3,30
Bashaud Breeland,6,22
Bashaud Breeland,6,23
Bashaud Breeland,5,24
Bashaud Breeland,5,25
Bashaud Breeland,6,27
Bashaud Breeland,4,28
Bashaud Breeland,5,29
Sheldon Brown,6,25
Sheldon Brown,8,26
Sheldon Brown,7,27
Sheldon Brown,7,28
Sheldon Brown,8,29
Sheldon Brown,7,30
Sheldon Brown,6,31
Sheldon Brown,8,32
Sheldon Brown,7,33
Tarell Brown,6,26
Tarell Brown,4,27
Tarell Brown,4,28
Tarell Brown,5,29
Phillip Buchanon,8,23
Phillip Buchanon,5,24
Phillip Buchanon,2,25
Phillip Buchanon,7,27
Phillip Buchanon,7,28
Phillip Buchanon,3,29
Phillip Buchanon,3,30
Darius Butler,4,23
Darius Butler,5,27
Brandon Carr,5,22
Brandon Carr,6,23
Brandon Carr,7,24
Brandon Carr,6,25
Brandon Carr,6,26
Brandon Carr,5,27
Brandon Carr,6,28
Brandon Carr,6,29
Brandon Carr,6,30
Brandon Carr,6,31
Brandon Carr,7,32
Brandon Carr,5,33
T.J. Carrie,4,25
T.J. Carrie,6,27
T.J. Carrie,4,28
T.J. Carrie,3,29
Ahmad Carroll,5,21
Ahmad Carroll,7,22
Nolan Carroll,4,25
Nolan Carroll,5,26
Nolan Carroll,4,28
Nolan Carroll,5,29
Chris Cash,5,22
Chris Cash,2,24
Antoine Cason,7,24
Antoine Cason,5,25
Antoine Cason,6,26
Antoine Cason,5,28
Morris Claiborne,5,22
Morris Claiborne,2,23
Morris Claiborne,4,25
Morris Claiborne,6,27
Morris Claiborne,6,28
Ross Cockrell,7,25
Ross Cockrell,4,26
Ross Cockrell,4,28
Jalen Collins,2,23
Aaron Colvin,5,24
Gareon Conley,5,23
Gareon Conley,4,24
Chris Cook,3,25
Chris Cook,4,26
Marcus Cooper,2,24
Marcus Cooper,6,26
Reggie Corner,4,26
Derek Cox,6,23
Derek Cox,4,24
Derek Cox,5,26
Derek Cox,4,27
Perrish Cox,3,23
Perrish Cox,7,27
Perrish Cox,5,28
Perrish Cox,4,29
Antonio Cromartie,16,23
Antonio Cromartie,6,24
Antonio Cromartie,7,25
Antonio Cromartie,6,26
Antonio Cromartie,7,27
Antonio Cromartie,11,28
Antonio Cromartie,9,29
Antonio Cromartie,9,30
Antonio Cromartie,6,31
Chris Culliver,7,26
Travis Daniels,6,23
Travis Daniels,2,24
Travis Daniels,2,25
Jason David,4,22
Jason David,7,23
Jason David,6,24
Jason David,5,25
Jason David,4,26
Sammy Davis,5,23
Sammy Davis,4,24
Vontae Davis,4,21
Vontae Davis,5,22
Vontae Davis,6,23
Vontae Davis,4,24
Vontae Davis,6,25
Vontae Davis,11,26
Vontae Davis,10,27
Vontae Davis,5,28
Alfonzo Dennard,3,23
Alfonzo Dennard,4,24
Darqueze Dennard,2,29
Pierre Desir,2,25
Pierre Desir,2,27
Pierre Desir,5,28
Pierre Desir,4,29
Demarcus Faggins,3,26
Demarcus Faggins,4,27
Demarcus Faggins,3,28
Demarcus Faggins,2,29
Cortland Finnegan,6,23
Cortland Finnegan,20,24
Cortland Finnegan,5,25
Cortland Finnegan,6,26
Cortland Finnegan,8,27
Cortland Finnegan,7,28
Cortland Finnegan,4,30
Travis Fisher,5,23
Travis Fisher,7,24
Travis Fisher,4,25
Travis Fisher,2,26
Travis Fisher,3,27
Travis Fisher,5,28
Travis Fisher,2,29
Bradley Fletcher,8,24
Bradley Fletcher,6,27
Bradley Fletcher,6,28
Drayton Florence,3,24
Drayton Florence,4,25
Drayton Florence,6,26
Drayton Florence,4,27
Drayton Florence,4,28
Drayton Florence,5,29
Drayton Florence,5,30
Drayton Florence,5,31
Brandon Flowers,4,22
Brandon Flowers,7,23
Brandon Flowers,7,24
Brandon Flowers,7,25
Brandon Flowers,6,26
Brandon Flowers,7,27
Brandon Flowers,6,28
Brandon Flowers,4,29
Domonique Foxworth,4,22
Domonique Foxworth,4,25
Domonique Foxworth,7,26
Kyle Fuller,5,22
Kyle Fuller,6,23
Kyle Fuller,7,25
Kyle Fuller,16,26
Kyle Fuller,10,27
Kyle Fuller,6,28
Kyle Fuller,4,29
E.J. Gaines,6,22
E.J. Gaines,3,24
E.J. Gaines,4,25
Phillip Gaines,2,23
Phillip Gaines,2,25
Chris Gamble,6,21
Chris Gamble,10,22
Chris Gamble,6,23
Chris Gamble,5,24
Chris Gamble,8,25
Chris Gamble,7,26
Chris Gamble,3,27
Chris Gamble,5,28
William Gay,6,24
William Gay,8,26
William Gay,7,27
William Gay,5,28
William Gay,5,29
William Gay,7,30
William Gay,4,31
Jeff Gladney,5,24
Andre' Goodman,3,24
Andre' Goodman,4,27
Andre' Goodman,5,28
Andre' Goodman,7,30
Andre' Goodman,7,31
Andre' Goodman,2,32
Andre' Goodman,7,33
Corey Graham,5,23
Corey Graham,4,27
Corey Graham,4,29
Dwayne Gratz,3,23
Dwayne Gratz,5,24
Eric Green,3,23
Eric Green,3,24
Eric Green,4,25
Eric Green,3,26
Jonte Green,3,23
Cedric Griffin,4,24
Cedric Griffin,6,25
Cedric Griffin,5,26
Cedric Griffin,6,27
Cedric Griffin,3,29
DeJuan Groce,5,25
Joe Haden,5,21
Joe Haden,7,22
Joe Haden,5,23
Joe Haden,12,24
Joe Haden,11,25
Joe Haden,5,27
Joe Haden,4,28
Joe Haden,6,29
Joe Haden,11,30
Joe Haden,6,31
Joe Haden,4,32
Nate Hairston,3,24
Nate Hairston,3,25
DeAngelo Hall,3,21
DeAngelo Hall,10,22
DeAngelo Hall,12,23
DeAngelo Hall,7,24
DeAngelo Hall,3,25
DeAngelo Hall,5,26
DeAngelo Hall,11,27
DeAngelo Hall,6,28
DeAngelo Hall,5,29
DeAngelo Hall,6,30
Leon Hall,4,23
Leon Hall,8,24
Leon Hall,15,25
Leon Hall,7,26
Leon Hall,5,27
Leon Hall,7,28
Leon Hall,5,30
Harrison Hand,1,22
Harrison Hand,1,23
Vernon Hargreaves III,5,21
Vernon Hargreaves III,2,22
Vernon Hargreaves III,4,24
Vernon Hargreaves III,5,25
Davontae Harris,3,24
Mike Harris,3,23
D.J. Hayden,3,24
D.J. Hayden,4,25
Kelvin Hayden,8,24
Kelvin Hayden,5,25
Kelvin Hayden,3,26
Kelvin Hayden,4,27
Casey Hayward,4,23
Casey Hayward,12,27
Casey Hayward,13,28
Casey Hayward,5,29
Casey Hayward,6,30
Casey Hayward,4,31
Casey Hayward,5,32
K.J. Hill,1,23
Reynaldo Hill,4,23
Reynaldo Hill,5,24
Tye Hill,4,24
Tye Hill,2,25
Ellis Hobbs,4,22
Ellis Hobbs,7,23
Ellis Hobbs,7,24
Ellis Hobbs,9,25
Ellis Hobbs,3,27
Daven Holly,7,24
Daven Holly,3,25
Jayron Hosley,3,22
Jayron Hosley,3,25
Davon House,6,26
Davon House,4,28
Chris Houston,5,23
Chris Houston,6,24
Chris Houston,4,25
Chris Houston,5,26
Chris Houston,7,27
Chris Houston,5,28
Chris Houston,5,29
Michael Huff,5,29
Von Hutchins,4,26
Josh Jackson,4,22
Josh Jackson,2,24
Marlin Jackson,8,24
William Jackson III,4,26
William Jackson III,4,27
William Jackson III,5,28
William Jackson III,4,29
Quentin Jammer,6,24
Quentin Jammer,6,25
Quentin Jammer,5,26
Quentin Jammer,6,27
Quentin Jammer,6,28
Quentin Jammer,7,29
Quentin Jammer,7,30
Quentin Jammer,7,31
Quentin Jammer,5,32
Quentin Jammer,8,33
Jackrabbit Jenkins,8,24
Jackrabbit Jenkins,6,25
Jackrabbit Jenkins,6,26
Jackrabbit Jenkins,6,27
Jackrabbit Jenkins,12,28
Jackrabbit Jenkins,4,29
Jackrabbit Jenkins,6,30
Jackrabbit Jenkins,5,31
Jackrabbit Jenkins,5,32
Jackrabbit Jenkins,4,33
Malcolm Jenkins,3,22
Mike Jenkins,11,24
Mike Jenkins,5,25
Mike Jenkins,4,26
Mike Jenkins,5,28
Mike Jenkins,2,30
Kelly Jennings,6,25
Kelly Jennings,2,26
Kelly Jennings,3,27
Kelly Jennings,5,28
Tim Jennings,6,25
Tim Jennings,3,26
Tim Jennings,5,27
Tim Jennings,6,28
Tim Jennings,13,29
Tim Jennings,8,30
Tim Jennings,4,31
Chris Johnson,3,29
Chris Johnson,6,30
Derrick Johnson,2,23
Dontae Johnson,6,26
Kevin Johnson,5,23
Kevin Johnson,2,28
Trumaine Johnson,5,23
Trumaine Johnson,3,24
Trumaine Johnson,7,25
Trumaine Johnson,4,26
Trumaine Johnson,6,27
Trumaine Johnson,5,28
Adam Jones,5,22
Adam Jones,9,23
Adam Jones,3,25
Adam Jones,3,28
Adam Jones,7,30
Adam Jones,9,32
Adam Jones,6,33
Adam Jones,3,34
Byron Jones,11,26
Byron Jones,5,27
Byron Jones,6,28
Byron Jones,5,29
David Jones,3,23
David Jones,2,25
Johnathan Joseph,4,22
Johnathan Joseph,6,23
Johnathan Joseph,4,24
Johnathan Joseph,8,25
Johnathan Joseph,5,26
Johnathan Joseph,13,27
Johnathan Joseph,10,28
Johnathan Joseph,6,29
Johnathan Joseph,7,30
Johnathan Joseph,7,31
Johnathan Joseph,4,32
Johnathan Joseph,6,33
Johnathan Joseph,5,34
Johnathan Joseph,4,35
Justin King,3,22
Justin King,5,24
Kevin King,2,22
Kevin King,6,24
Kevin King,4,25
Kevin King,2,26
Dre Kirkpatrick,6,26
Dre Kirkpatrick,6,27
Dre Kirkpatrick,6,28
Dre Kirkpatrick,3,29
Dre Kirkpatrick,6,31
Jeremy Lane,2,27
Nevin Lawson,3,24
Nevin Lawson,5,25
Nevin Lawson,5,26
Nevin Lawson,5,27
Nevin Lawson,3,29
Pat Lee,2,28
Michael Lehan,4,28
Keenan Lewis,8,26
Keenan Lewis,7,27
Keenan Lewis,5,28
Tony Lippett,5,24
Dwight Lowery,4,22
Dwight Lowery,4,23
Craig Mager,3,24
Ricky Manning,5,23
Ricky Manning,6,24
Ricky Manning,5,26
Ricky Manning,3,27
Richard Marshall,5,22
Richard Marshall,5,23
Richard Marshall,8,25
Richard Marshall,6,26
Richard Marshall,5,27
Richard Marshall,3,29
Rashean Mathis,7,23
Rashean Mathis,8,24
Rashean Mathis,8,25
Rashean Mathis,18,26
Rashean Mathis,6,27
Rashean Mathis,6,28
Rashean Mathis,4,29
Rashean Mathis,5,30
Rashean Mathis,4,31
Rashean Mathis,5,33
Rashean Mathis,6,34
Byron Maxwell,4,25
Byron Maxwell,6,26
Byron Maxwell,5,27
Byron Maxwell,5,28
Trumaine McBride,4,22
Trumaine McBride,5,28
Brice McCain,4,28
Brice McCain,4,29
Marcus McCauley,3,24
Robert McClain,3,25
Robert McClain,3,26
Robert McClain,3,29
Devin McCourty,10,23
Devin McCourty,5,24
Devin McCourty,7,25
Jason McCourty,3,23
Jason McCourty,8,24
Jason McCourty,6,25
Jason McCourty,6,26
Jason McCourty,6,27
Jason McCourty,5,29
Jason McCourty,6,30
Jason McCourty,4,31
Jason McCourty,5,32
Jason McCourty,4,33
Demetrius McCray,5,23
Brandon McDonald,7,23
Brandon McDonald,4,24
Dexter McDonald,2,26
Bryant McFadden,6,25
Bryant McFadden,5,27
Bryant McFadden,6,28
Bryant McFadden,8,29
Terrence McGee,15,24
Terrence McGee,12,25
Terrence McGee,6,26
Terrence McGee,7,27
Terrence McGee,6,28
Terrence McGee,4,29
Leodis McKelvin,5,23
Leodis McKelvin,4,25
Leodis McKelvin,4,26
Leodis McKelvin,5,28
Leodis McKelvin,4,29
Leodis McKelvin,3,30
Leodis McKelvin,5,31
William Middleton,3,25
Justin Miller,4,21
Dee Milliner,5,22
Captain Munnerlyn,3,22
Captain Munnerlyn,4,23
Captain Munnerlyn,6,24
Captain Munnerlyn,8,25
Captain Munnerlyn,7,26
Terence Newman,8,25
Terence Newman,6,26
Terence Newman,9,27
Terence Newman,7,28
Terence Newman,8,29
Terence Newman,5,30
Terence Newman,12,31
Terence Newman,5,32
Terence Newman,6,33
Terence Newman,7,34
Terence Newman,7,35
Terence Newman,5,36
Terence Newman,6,37
Terence Newman,4,38
Josh Norman,5,25
Josh Norman,4,27
Josh Norman,15,28
Josh Norman,5,29
Josh Norman,5,30
Josh Norman,6,31
Josh Norman,3,32
Josh Norman,5,34
Michael Ojemudia,4,23
Chris Owens,3,23
Darius Phillips,3,25
Tracy Porter,5,23
Tracy Porter,6,24
Tracy Porter,5,25
Tracy Porter,6,27
Tracy Porter,5,29
Tracy Porter,5,30
Jerraud Powers,4,22
Jerraud Powers,4,23
Jerraud Powers,5,24
Jerraud Powers,3,25
Jerraud Powers,6,26
Jerraud Powers,5,28
Glover Quin,4,23
Glover Quin,5,24
Damarious Randall,4,23
Damarious Randall,3,24
Damarious Randall,5,25
Keiwan Ratliff,3,23
Jacques Reeves,5,25
Jacques Reeves,6,26
Jacques Reeves,2,27
John Reid,1,24
John Reid,1,25
Darrelle Revis,7,22
Darrelle Revis,11,23
Darrelle Revis,22,24
Darrelle Revis,14,25
Darrelle Revis,17,26
Darrelle Revis,6,28
Darrelle Revis,15,29
Darrelle Revis,11,30
Darrelle Revis,5,31
Xavier Rhodes,2,23
Xavier Rhodes,6,24
Xavier Rhodes,6,25
Xavier Rhodes,9,26
Xavier Rhodes,12,27
Xavier Rhodes,5,28
Xavier Rhodes,7,29
Xavier Rhodes,5,30
Xavier Rhodes,5,31
Darryl Roberts,4,28
Darryl Roberts,4,29
Dunta Robinson,7,22
Dunta Robinson,5,23
Dunta Robinson,6,24
Dunta Robinson,3,25
Dunta Robinson,3,26
Dunta Robinson,5,27
Dunta Robinson,6,28
Dunta Robinson,7,29
Dunta Robinson,7,30
Josh Robinson,3,22
Patrick Robinson,4,24
Patrick Robinson,6,25
Patrick Robinson,5,30
Rashard Robinson,3,21
Rashard Robinson,3,22
Bradley Roby,6,26
Bradley Roby,4,27
Bradley Roby,3,28
Bradley Roby,4,30
Robert Rochell,2,23
Dominique Rodgers-Cromartie,5,22
Dominique Rodgers-Cromartie,10,23
Dominique Rodgers-Cromartie,6,24
Dominique Rodgers-Cromartie,6,26
Dominique Rodgers-Cromartie,6,27
Dominique Rodgers-Cromartie,6,28
Dominique Rodgers-Cromartie,9,29
Dominique Rodgers-Cromartie,11,30
Dominique Rodgers-Cromartie,2,31
Carlos Rogers,3,24
Carlos Rogers,6,25
Carlos Rogers,8,27
Carlos Rogers,6,28
Carlos Rogers,5,29
Carlos Rogers,13,30
Carlos Rogers,5,31
Carlos Rogers,5,32
Antrel Rolle,5,24
Antrel Rolle,5,25
Aaron Ross,5,25
Aaron Ross,6,26
Aaron Ross,5,29
Aaron Ross,4,30
Derek Ross,5,22
Stanford Routt,6,24
Stanford Routt,5,27
Stanford Routt,5,28
Eric Rowe,2,23
Eric Rowe,3,24
Mike Rumph,5,24
Logan Ryan,4,22
Logan Ryan,3,23
Logan Ryan,6,24
Logan Ryan,5,25
Logan Ryan,5,26
Logan Ryan,6,27
Logan Ryan,7,28
Asante Samuel,4,23
Asante Samuel,6,24
Asante Samuel,11,25
Asante Samuel,14,26
Asante Samuel,13,27
Asante Samuel,13,28
Asante Samuel,8,29
Asante Samuel,7,30
Asante Samuel,8,31
Asante Samuel,3,32
Orlando Scandrick,3,24
Orlando Scandrick,4,26
Orlando Scandrick,6,27
Orlando Scandrick,4,30
Orlando Scandrick,2,31
Bryan Scott,8,28
Coty Sensabaugh,3,26
Coty Sensabaugh,6,27
Coty Sensabaugh,4,30
Kendall Sheffield,3,24
Lito Sheppard,5,22
Lito Sheppard,17,23
Lito Sheppard,5,24
Lito Sheppard,10,25
Lito Sheppard,5,26
Lito Sheppard,5,28
Lito Sheppard,2,30
Richard Sherman,6,23
Richard Sherman,20,24
Richard Sherman,21,25
Richard Sherman,18,26
Richard Sherman,15,27
Richard Sherman,9,28
Richard Sherman,4,29
Richard Sherman,5,30
Richard Sherman,12,31
Tharold Simon,3,23
LeShaun Sims,4,27
Buster Skrine,5,24
Buster Skrine,7,25
Buster Skrine,5,27
Buster Skrine,6,28
Alphonso Smith,5,25
Jimmy Smith,7,25
Jimmy Smith,3,26
Jimmy Smith,6,27
Jimmy Smith,4,28
Jimmy Smith,6,29
Jimmy Smith,5,30
Ryan Smith,3,24
Ryan Smith,3,25
Sean Smith,5,22
Sean Smith,3,23
Sean Smith,7,24
Sean Smith,7,25
Sean Smith,6,26
Sean Smith,6,27
Sean Smith,4,28
Sean Smith,5,29
Sean Smith,3,30
Shawntae Spencer,4,22
Shawntae Spencer,5,23
Shawntae Spencer,4,24
Shawntae Spencer,7,27
Shawntae Spencer,6,28
Aqib Talib,6,23
Aqib Talib,6,24
Aqib Talib,4,25
Aqib Talib,12,27
Aqib Talib,9,28
Aqib Talib,10,29
Aqib Talib,15,30
Aqib Talib,9,31
Aqib Talib,3,32
Cordrea Tankersley,4,24
Ike Taylor,7,25
Ike Taylor,6,26
Ike Taylor,8,27
Ike Taylor,8,28
Ike Taylor,7,29
Ike Taylor,7,30
Ike Taylor,8,31
Ike Taylor,6,32
Ike Taylor,6,33
Jamar Taylor,3,25
Jamar Taylor,5,26
Jamar Taylor,6,27
Josh Thomas,3,24
Kevin Thomas,2,25
Terrell Thomas,6,24
Terrell Thomas,7,25
Bruce Thornton,4,25
Charles Tillman,5,22
Charles Tillman,3,23
Charles Tillman,8,24
Charles Tillman,7,25
Charles Tillman,6,26
Charles Tillman,7,27
Charles Tillman,5,28
Charles Tillman,7,29
Charles Tillman,10,30
Charles Tillman,17,31
Charles Tillman,3,32
Charles Tillman,4,34
Greg Toler,5,25
Greg Toler,3,28
Greg Toler,7,29
Greg Toler,4,30
Desmond Trufant,5,23
Desmond Trufant,6,24
Desmond Trufant,10,25
Desmond Trufant,3,26
Desmond Trufant,7,27
Desmond Trufant,5,28
Desmond Trufant,3,29
Marcus Trufant,7,23
Marcus Trufant,7,24
Marcus Trufant,7,25
Marcus Trufant,6,26
Marcus Trufant,11,27
Marcus Trufant,6,28
Marcus Trufant,4,29
Marcus Trufant,7,30
Justin Tryon,2,26
Nathan Vasher,5,23
Nathan Vasher,15,24
Nathan Vasher,5,25
Nathan Vasher,3,27
Nathan Vasher,2,29
Alterraun Verner,5,22
Alterraun Verner,6,24
Alterraun Verner,13,25
Alterraun Verner,5,26
Jason Verrett,9,24
Jason Verrett,5,29
Frank Walker,3,23
Frank Walker,3,28
Tim Wansley,4,25
Fabian Washington,3,22
Fabian Washington,5,23
Fabian Washington,5,25
Fabian Washington,4,26
Fabian Washington,3,27
Trae Waynes,6,25
Trae Waynes,5,26
Trae Waynes,4,27
B.W. Webb,3,26
B.W. Webb,5,28
B.W. Webb,4,29
Lardarius Webb,9,26
Lardarius Webb,7,28
Lardarius Webb,4,29
Lardarius Webb,5,30
Corey Webster,4,24
Corey Webster,7,26
Corey Webster,4,27
Corey Webster,6,28
Corey Webster,6,29
Corey Webster,6,30
Kayvon Webster,4,26
Ken Webster,2,23
Corey White,4,23
Corey White,4,24
Rachad Wildgoose,2,22
Jonathan Wilhite,4,25
Aaron Williams,2,21
Aaron Williams,3,22
Brian Williams,3,23
Brian Williams,7,24
Brian Williams,4,25
Brian Williams,4,26
Brian Williams,6,27
Brian Williams,6,28
Brian Williams,6,29
Cary Williams,6,27
Cary Williams,8,28
Cary Williams,7,29
Cary Williams,6,30
Cary Williams,5,31
Darrent Williams,4,23
Darrent Williams,7,24
Greedy Williams,4,22
Greedy Williams,3,24
Greedy Williams,1,25
Jimmy Williams,3,22
P.J. Williams,3,24
P.J. Williams,2,29
Josh Wilson,6,23
Josh Wilson,6,24
Josh Wilson,4,25
Josh Wilson,6,26
Josh Wilson,5,27
Josh Wilson,5,28
Kyle Wilson,7,25
Stanley Wilson,2,25
Andre Woolfolk,3,25
Blidi Wreh-Wilson,4,25
Eric Wright,5,22
Eric Wright,8,23
Eric Wright,7,24
Eric Wright,4,25
Eric Wright,7,26
Eric Wright,4,27
Shareece Wright,5,26
Shareece Wright,5,27
Shareece Wright,3,28
Shareece Wright,4,29
Shareece Wright,3,30
Tavon Young,6,22
